xi_0,xi_1,xi_2,xi_3,xi_4,xi_5,xi_6,xi_7,nu,rho,H,iv_T0.1_K0.50,iv_T0.1_K0.60,iv_T0.1_K0.70,iv_T0.1_K0.80,iv_T0.1_K0.90,iv_T0.1_K1.00,iv_T0.1_K1.10,iv_T0.1_K1.20,iv_T0.1_K1.30,iv_T0.1_K1.40,iv_T0.1_K1.50,iv_T0.3_K0.50,iv_T0.3_K0.60,iv_T0.3_K0.70,iv_T0.3_K0.80,iv_T0.3_K0.90,iv_T0.3_K1.00,iv_T0.3_K1.10,iv_T0.3_K1.20,iv_T0.3_K1.30,iv_T0.3_K1.40,iv_T0.3_K1.50,iv_T0.6_K0.50,iv_T0.6_K0.60,iv_T0.6_K0.70,iv_T0.6_K0.80,iv_T0.6_K0.90,iv_T0.6_K1.00,iv_T0.6_K1.10,iv_T0.6_K1.20,iv_T0.6_K1.30,iv_T0.6_K1.40,iv_T0.6_K1.50,iv_T0.9_K0.50,iv_T0.9_K0.60,iv_T0.9_K0.70,iv_T0.9_K0.80,iv_T0.9_K0.90,iv_T0.9_K1.00,iv_T0.9_K1.10,iv_T0.9_K1.20,iv_T0.9_K1.30,iv_T0.9_K1.40,iv_T0.9_K1.50,iv_T1.2_K0.50,iv_T1.2_K0.60,iv_T1.2_K0.70,iv_T1.2_K0.80,iv_T1.2_K0.90,iv_T1.2_K1.00,iv_T1.2_K1.10,iv_T1.2_K1.20,iv_T1.2_K1.30,iv_T1.2_K1.40,iv_T1.2_K1.50,iv_T1.5_K0.50,iv_T1.5_K0.60,iv_T1.5_K0.70,iv_T1.5_K0.80,iv_T1.5_K0.90,iv_T1.5_K1.00,iv_T1.5_K1.10,iv_T1.5_K1.20,iv_T1.5_K1.30,iv_T1.5_K1.40,iv_T1.5_K1.50,iv_T1.8_K0.50,iv_T1.8_K0.60,iv_T1.8_K0.70,iv_T1.8_K0.80,iv_T1.8_K0.90,iv_T1.8_K1.00,iv_T1.8_K1.10,iv_T1.8_K1.20,iv_T1.8_K1.30,iv_T1.8_K1.40,iv_T1.8_K1.50,iv_T2.0_K0.50,iv_T2.0_K0.60,iv_T2.0_K0.70,iv_T2.0_K0.80,iv_T2.0_K0.90,iv_T2.0_K1.00,iv_T2.0_K1.10,iv_T2.0_K1.20,iv_T2.0_K1.30,iv_T2.0_K1.40,iv_T2.0_K1.50
0.02722208032805371,0.09274312688128712,0.08243862208920782,0.09179316319729797,0.08372239580988831,0.14131837701648386,0.09788514859658157,0.11498819862079564,2.9614897478772546,-0.7677473626127815,0.4921795391320142,1e-09,1e-09,1e-09,1e-09,0.15700671770666438,0.14914645233368792,0.12672863941238624,1e-09,1e-09,1e-09,1e-09,0.16652971832983787,,,0.17190630265650075,0.15963974254778235,0.15191096756855815,0.19719696532523953,0.24224195172504664,0.2674879210899506,0.27509125490433145,1e-09,1e-09,0.2603128425368844,0.2331755837092987,0.1892835676067833,0.15077530177688828,0.15267782031144553,0.194608529460704,0.24193117756753418,0.28626473968451077,0.32283378520343187,0.35297837363665524,0.09501375199786033,1e-09,0.18880250697092874,0.16183296911750036,0.13685546602498352,0.13469986344448695,0.16145324167301592,0.18554020791055742,0.2137854515160728,0.23811602510389165,0.2571037511571536,0.29067399439116376,0.24432836346736322,0.20047177752637874,0.1643621230432299,0.13094748457095592,0.1297964260757425,0.15676300122508105,0.18632877286581406,0.21063591685758773,0.22418417161235255,0.2363283468611757,0.2968771615713253,0.2419900470849135,0.19364746122587256,0.1531465857388296,0.12273998750245221,0.12524400389146986,0.15270856826424692,0.18253490343435907,0.21028318669328103,0.23108457046170186,0.24686290753250906,0.25611232351601937,0.21046602992477204,0.16854036787185653,0.1346505737627064,0.11204592016874106,0.11426556246096338,0.13868973024352757,0.16471676853692446,0.18626759617133357,0.2032733084814024,0.2145814711361796,0.24171799069154284,0.19883052210145802,0.1591939709103447,0.12836547905786472,0.10839297024187222,0.1088512495616134,0.13140202229919498,0.1551743431593899,0.17659327399645297,0.19263122086506443,0.2035285570223669
0.02955739351926095,0.02777087695646034,0.11263282895794763,0.07031440926107757,0.042237054599372985,0.11267233739114584,0.10145180345624175,0.14149941029192947,2.1185118852381835,-0.3074533130423128,0.06209939394372052,0.28740469244000644,,1e-09,0.3029500607270891,0.206538037616053,0.12609228152953939,0.23063723722621923,0.3217707243783289,0.37923034983493753,1e-09,1e-09,1e-09,1e-09,0.2990023131398185,0.23612300079845397,0.16296201830208254,0.11613730160209433,0.1404613630187217,0.1952144168013703,0.228699557329645,1e-09,1e-09,0.33845735952335715,0.31830983549665953,0.2733320493171121,0.2230469819731787,0.1651502743203613,0.1334872180296745,0.14540682774355718,0.1727471391058658,0.19767100088868128,0.22280838853228482,0.23117915801091896,0.39552317006509924,0.3334434344707551,0.2765258700925148,0.22291827013680912,0.1812396151261493,0.1462737417806087,0.14471717923566538,0.15693500495196824,0.17026837990011662,0.15828204770825371,1e-09,0.33524879582513245,0.28797711348113475,0.25135881935893695,0.21134356360217232,0.17335328816752194,0.1511487951020375,0.15022058019022066,0.15361496831691068,0.15093232373319995,0.14243672616253267,1e-09,0.3352448399150682,0.2925211663253379,0.25079529281659724,0.21015311416347382,0.18073006850311757,0.16406245466849265,0.1648986391375133,0.17336068763288953,0.17853103005896512,0.16703001012322283,0.11376919584555736,0.3506235751051388,0.3083228065561966,0.2670185465027243,0.23015158866552377,0.19782723199002708,0.1795310994249027,0.17697097850440546,0.18002591284243144,0.1790683894737414,0.17681707958006826,0.17624240506607675,0.3362587923175971,0.29312569921204645,0.25322898313902353,0.21855079395010327,0.1933981821117345,0.17728139178903624,0.173294613031655,0.1724694360195915,0.1620248652241337,0.1586471866995282,0.1534137922880585
0.024215111316931007,0.04214169286763831,0.13553071122193353,0.13832708828893492,0.03536031156865931,0.11798843621837211,0.026063081136435354,0.1554800209231935,0.6221941594391263,-0.38514978629323476,0.431136485461547,0.29104230927535163,,,,0.18262206696804295,0.15632483796929347,0.1730663379097203,1e-09,1e-09,1e-09,1e-09,1e-09,1e-09,1e-09,0.20505447036216182,0.20860628930563296,0.19377973784686173,0.17974115976942165,0.18802088002359613,0.1874706953767426,1e-09,1e-09,1e-09,1e-09,0.2538165046637816,0.24970498155352513,0.24386741550107743,0.24067636643233115,0.23042368473621053,0.22437045548124424,0.22453730460720456,0.2196273447504337,0.22680333476735384,1e-09,0.2637230009771714,0.28531389326518086,0.2830360486519158,0.27875012863452797,0.28611692662378907,0.2842327953635865,0.2775320691348394,0.2690915369545804,0.26352376008712286,0.26536755991165895,0.23128609717286547,0.2670643163637673,0.2798065887442839,0.2777559985764255,0.2794104947300926,0.28612068515733546,0.29216128272652825,0.29552769496116144,0.29470265632575465,0.289021574316693,0.2842872029188981,0.19099446283997878,0.26695704328731595,0.29070795469719213,0.2999454271104743,0.30027039465819744,0.29742342068271344,0.30001757223582676,0.3036462199436052,0.30609361559088866,0.3046157985528605,0.3038760711756256,0.2566254664606727,0.2638000007215855,0.28017817256208677,0.2851218709664767,0.28245299066935375,0.2765116914930388,0.27063736301932656,0.269170050203091,0.2709068227269954,0.26915624674571365,0.26574738309744056,0.28507116292932705,0.2863723192892102,0.30064692668430576,0.302818369286237,0.30134473696753733,0.29285646754957634,0.2838649795324441,0.27989017271948674,0.2795957803568641,0.2777146462520184,0.28262466289780597
0.1317483621774332,0.14926618576941042,0.15644323656889733,0.041252469853965204,0.06269980049561943,0.04628032077810131,0.11503372528584106,0.10386652448031497,3.4493508791057783,-0.7373711410665594,0.3629622359666121,0.2878027753995058,,0.14763964325273263,0.26764442839727526,0.3171274786418107,0.30026939433939803,0.3442907634334378,0.3844359583550406,0.42628739275687155,0.4393517410608081,1e-09,0.1709859728147442,0.1284428172141128,0.24427649129624215,0.2754747446001557,0.2638161578913178,0.2770826313377983,0.3288271421150131,0.38962959629395527,0.4359563858992653,0.47973759443548847,0.5214388298192727,1e-09,1e-09,0.23834177566904916,0.23776194960083333,0.22662776546685753,0.2456246930734235,0.2920918986164085,0.33828908595557605,0.37734976531481923,0.4103561276110988,0.43868845913302157,1e-09,1e-09,0.19123385537142093,0.19948740500657886,0.1894497458600558,0.19785793393998333,0.23226963423595773,0.2683387259776611,0.29435819684667736,0.3192297614033903,0.33884312742787076,1e-09,1e-09,0.1609450387102887,0.17562474606748915,0.1714126557440604,0.1737189815720292,0.20150049392127978,0.23006218556693342,0.2512504949645199,0.26957265091346694,0.28449624862906453,1e-09,0.18630264410601005,0.1723120458309306,0.16468087795581332,0.15721037765560053,0.15746142341664696,0.18110269668179138,0.20613767001328373,0.22479699211664708,0.24026498463417914,0.25425618001433264,0.18799286828573286,0.19071624022314113,0.16316249108110004,0.15134197154941814,0.141980025763921,0.1416666093093356,0.1651929352049119,0.1873864559483972,0.2057482657181065,0.22042818011757884,0.2331613979842503,1e-09,0.163334078902904,0.14817730306008536,0.1420424295342852,0.13518409751196714,0.1358969481441325,0.15849933231517685,0.1799497122334236,0.19800722733213183,0.2129922612386634,0.22601131315711748
0.1447886257172974,0.05019729735324336,0.03501828834325555,0.03670574872911944,0.13332367697483877,0.1300369353938385,0.03346073108251111,0.04542089487767186,1.3832674309424018,-0.4510426803200701,0.4868120301191054,1e-09,1e-09,1e-09,0.3494138797315998,0.3380413039929782,0.3401882949347188,0.34156582806989305,0.3569158255601109,0.36036161246580534,1e-09,1e-09,0.16713081733535182,,,0.28662234147774523,0.3029123649022908,0.33283343823083383,0.35781164141256694,0.38502998135900357,0.40633379360012484,0.4220755363861276,0.4403633753927402,1e-09,0.2985708406502889,0.2855681142920778,0.2580675203623999,0.2614322052677843,0.2742001745283528,0.3023751035443466,0.33120057395773644,0.3561889842460663,0.37719824071196434,0.39211904123369734,0.31133399720431365,0.30548219350383804,0.2707262765676437,0.25417925328276986,0.24281828124912255,0.25448148161377565,0.2834351337454419,0.30748704240382013,0.32620182956017857,0.33953493418726355,0.34678977378004183,0.3799789405839282,0.34901132980047106,0.3136701299599096,0.28516692635681223,0.2810237334599614,0.29144567337309313,0.3062759884723164,0.3148785880077353,0.31681688420105414,0.319756702150069,0.32279069154274953,0.4078992245029943,0.36117202466479736,0.31338609421534286,0.27994830487110844,0.2770564441204064,0.29031304194080526,0.30446431984075895,0.31319516815787335,0.31808686133242164,0.3217818269869499,0.31875795620961594,0.379796798776249,0.3349240990680539,0.2933842030754831,0.2678350671748901,0.26436457728793256,0.26984547277860566,0.2840518434992955,0.29504168960676547,0.3059027506130862,0.31303288185451555,0.3164367709342883,0.3438407599860848,0.3044757852966947,0.269636066349773,0.24589853572002673,0.24000349972448254,0.24309403367448815,0.25299077010483967,0.26172891984725655,0.2648176077077919,0.2687550864771169,0.2664487178349129
0.07370847767918139,0.010358263801369196,0.08263094342679822,0.08327527457800735,0.02564770299442754,0.1545084810739949,0.11960811132477692,0.04790987959633971,3.786631220207514,-0.8185259502838996,0.3920610199775247,1e-09,1e-09,1e-09,0.3136828195241294,0.25217329238291863,0.2295056674247527,0.19994057158119805,1e-09,1e-09,1e-09,1e-09,0.676154066358909,0.5395642307643057,0.42189729322070213,0.3291715575713548,0.24796617738311352,0.20991843342957783,0.19936082570773597,0.23235780225965388,0.24693378089214296,1e-09,1e-09,0.5168467960607842,0.4223432397681262,0.3391115191667218,0.27025392339885546,0.20540432569137776,0.16713778533498433,0.1543813423203462,0.17439935876923046,0.19691652690471936,0.1988668762983067,1e-09,0.4415403627926106,0.3576657992970646,0.2843356873678154,0.22278741307330927,0.17031904620572066,0.13951714443615643,0.13148432476314692,0.14269898749431958,0.15978186697367244,0.147760118428561,1e-09,0.3846551356768649,0.31153331755137437,0.24778559413736465,0.19571751541819898,0.14810067245793998,0.12107550749188487,0.11017457696711005,0.10625208417564211,0.11756513851551739,1e-09,1e-09,0.3637587379383535,0.29729737480676416,0.23985870040728938,0.18778327611195486,0.13918928691734703,0.11301776366092402,0.10321581062962462,0.10373632599048171,0.11017280710364898,1e-09,1e-09,0.32848635155615424,0.26940353393785565,0.2162753138803197,0.17012212996947262,0.1266690806379339,0.10463285220452452,0.09791391318803326,0.09631536634685758,0.09948200900362873,1e-09,1e-09,0.3110139076644894,0.25517632818121544,0.20682553237185056,0.16261179029594525,0.12115058623521646,0.10012530857257539,0.09359033768775386,0.09244221274270344,0.09434280924306232,1e-09,1e-09
0.027446854622654927,0.03836352152017477,0.07663420007357266,0.12147127768898947,0.08804975489633558,0.026198584168465384,0.11868648045830044,0.12729782722992272,1.069796017038196,-0.1637703260000939,0.3653569869025715,1e-09,0.20384406713918074,1e-09,,0.15671393974441042,0.15942105295476827,0.1457312834437397,1e-09,1e-09,1e-09,1e-09,0.16691285223415914,0.12090314074842352,,0.21556093288888084,0.16540675533903537,0.16175072680840233,0.17117875132074548,0.20187495728322322,1e-09,1e-09,1e-09,0.11540499521870726,0.2400562327985482,0.24963126335970492,0.23793249588026472,0.21709710481071087,0.19929695737200423,0.19182579720201232,0.21679387482072288,0.2360939962285629,0.24919617156389745,0.22515052774907238,0.2511613127964497,0.2723548601268734,0.26617974260789196,0.2479401482289189,0.2267776898403404,0.22458372622846964,0.23667330332519232,0.2584651465279975,0.2799739900505398,0.29880507383282556,0.31423618090864014,0.25334926507995,0.27054911109674745,0.27857491914980453,0.27245551746307956,0.2577455164539086,0.2529735491022024,0.25947402265039027,0.2657243526366094,0.2708924762980223,0.28126825564742547,0.28927120140769763,0.18408160897284137,0.2357585550257353,0.24895869486426764,0.24217855566577665,0.23337644585148426,0.2293088718113247,0.23163588006590893,0.23123757597897152,0.23473751091814613,0.24522485269673552,0.2540277329558019,0.22043235677132095,0.22813938192743663,0.2281675656881989,0.22596587639955196,0.22395320226346344,0.23069604643129274,0.2425475109097663,0.24991299469864803,0.26194827121401054,0.2706040207566748,0.2755641222317324,0.2627465141351982,0.25035524506354856,0.24669922640842654,0.236379962945825,0.23930776855890554,0.2518121446441149,0.2626463346037694,0.2697115298719671,0.27966978228204514,0.2847820194734199,0.2911400718030304
0.10757115425399034,0.08708550952154046,0.011087281007843371,0.12815373945551667,0.0897401830680744,0.0529809097731843,0.08643038422640281,0.057892386455989445,1.8178066325797164,-0.4417174661072114,0.3999107656947089,0.2915865330365549,0.2198830244759322,,,0.26901987836875924,0.30188057162518994,0.3546676482586195,0.3677433878878041,0.40574380724963466,1e-09,1e-09,1e-09,1e-09,0.287796683414798,0.29230634967416624,0.30464649595970744,0.29684384704579825,0.29300734839466713,0.2849137682417999,0.2615273187310919,1e-09,1e-09,0.3777097665114429,0.32620416134254354,0.2971192511298114,0.29452520511596386,0.28655986342477263,0.2760731276197453,0.26270067255690854,0.2603539978706442,0.25843266501370477,0.2514035807458263,0.2386743729878584,0.36315314648640395,0.3261883007696333,0.30297576581964974,0.27882389944290614,0.26401379657743723,0.2505882838995656,0.23772673898014302,0.23424634972017608,0.24108052182485315,0.25035233432586207,0.2547028403551308,0.3370528952663499,0.33243470491642474,0.30388753874075125,0.281990340212854,0.2586673605625018,0.23747749945870567,0.22785356475808546,0.23477308682320647,0.252816722787142,0.2680756790064897,0.28119545718682126,0.3530269010547153,0.34066026925094783,0.30909756658053716,0.2814403876591183,0.2598544283000726,0.23997426694456855,0.22783169675761716,0.22141459485153728,0.22780841315385458,0.23599860375457676,0.2462551227607114,0.3453503483510607,0.3316718919893254,0.30310264854870883,0.27771635443515963,0.2531057946475147,0.23537367309065546,0.22607994822668653,0.22876426065183292,0.23971364173555498,0.25061615163046436,0.2604952323436411,0.3469174978039236,0.3248573793491659,0.2988867221780768,0.27253041322891547,0.24909267396912316,0.23456222543703267,0.22542367626215573,0.22734743874332877,0.2385536779264123,0.2513662196733393,0.26058607459807753
0.035221955107237475,0.14341490985427083,0.09920699788673762,0.14742990896323166,0.11681057048107552,0.054307962122299845,0.12360157448367898,0.15615717124074668,2.6158237354568827,-0.40724855386714043,0.2612190008666786,1e-09,1e-09,1e-09,1e-09,0.18053825140886487,0.1624267987407071,0.21290409941550148,1e-09,1e-09,1e-09,1e-09,0.1682569914179069,,0.2858922343158008,0.2745430597992051,0.22478670634710024,0.22259963513076733,0.24816649763767212,0.29350971026874206,0.33421877704281944,0.37504549839209017,0.40034779767480155,1e-09,0.26194855200362693,0.27214873154699004,0.24538662931600072,0.2065259687537643,0.1972368996013073,0.21705552188711627,0.2404188213001769,0.2692757745953184,0.3065611154940533,0.34499789580017853,0.32092921428249604,0.32085089651310905,0.2965073735293439,0.2566321888589057,0.22686189939621454,0.21008456203159287,0.2265202371123753,0.24100671935885196,0.2555190504858232,0.27226381968904556,0.291105072871212,0.37360933220682535,0.3105944550322791,0.2715409965204434,0.24181982091133136,0.21678499464912898,0.2003922484388479,0.20893958330760654,0.22447790342021542,0.24352768307278236,0.2648402132739294,0.27962321750863556,0.3345712862205869,0.28024365616558455,0.24660416967076748,0.219714294772869,0.1941855291552671,0.1823716257244482,0.18992616737501808,0.2034964168534094,0.21814794579574026,0.23547033647575047,0.24715304351989273,0.3474393398821765,0.29812738438476516,0.266147414637711,0.23530810998672935,0.20792355156009468,0.1959556523077334,0.20060858275173005,0.2154108519000656,0.23196258753206542,0.24736656831849116,0.26155803894188995,0.3246488117613905,0.2759941936232641,0.24787594694383627,0.22283860977857425,0.19708084048039987,0.18782673735993938,0.19685416783331885,0.21261808166862267,0.2312129933477314,0.2508513655712407,0.26735998503453734
0.07489287265244804,0.1097241943165939,0.07277514355081231,0.14977565338787793,0.11249367652353728,0.010392643421169098,0.07066228610692193,0.07031748528000656,0.8924140772391708,-0.312237609526475,0.051651185548394235,0.2655738467095309,1e-09,1e-09,0.26743524496295035,0.3041724541846497,0.26503198015601753,0.2423023205799325,1e-09,1e-09,1e-09,1e-09,1e-09,0.4128519428078306,0.35053661375725453,0.30321111373978704,0.2959944018291456,0.2864121581564169,0.28847287180882936,0.2867109310675585,0.28857142305432376,0.25535748344682496,1e-09,1e-09,0.33762439478359824,0.34175549320521076,0.3195330309706195,0.29282226280880774,0.2898730867521259,0.285098955634493,0.2808984205779657,0.27256307220945436,0.2683354469603539,0.2612542495944914,0.40536448397838304,0.38349956677981495,0.35731342456742415,0.3407412279906491,0.3227840175133454,0.3106007444514571,0.30006320446886153,0.308609148573846,0.3195253300373288,0.32771685362195746,0.3339568913093028,0.3997033131128965,0.387589362763617,0.3549554922236963,0.32981949295276997,0.30861684811010603,0.29750755599437817,0.29096993297043916,0.2890529941900875,0.2861803163537757,0.2778801127621793,0.27186798127359774,0.3242775822550418,0.30717455123830256,0.2965197126388445,0.2863872526433574,0.27419210318767967,0.2665199580652976,0.2626338819786017,0.26255980439795623,0.2653758564697605,0.2678233352474559,0.271454584289374,0.30151528857708204,0.29182875098836086,0.2830711536284796,0.282750032706293,0.2798108019739046,0.2725306063618759,0.2700232283301849,0.27451590813793175,0.27606875738283526,0.2825073581954842,0.2862637164653449,0.3067872662597139,0.29693782539139385,0.2871882482054189,0.27967180788924434,0.2731663753277227,0.27017744416676764,0.2677348983767638,0.2684475547618686,0.2676195214526135,0.2681108277982033,0.2698470920466547
0.015774962239980518,0.10336913990324373,0.15254750387873128,0.1112818547732976,0.15047762705676138,0.035113423964870445,0.1178666144376468,0.017918681851218084,2.1311893973413243,-0.7024107549551475,0.16559057388696757,0.28876855167357957,0.21460619611117193,,,0.15777514971606638,0.10868118411617599,1e-09,1e-09,1e-09,1e-09,1e-09,0.16561511944254337,,1e-09,,0.1280153917946336,0.11084542966191144,0.1387214816100961,0.1520281933315907,1e-09,1e-09,1e-09,0.37221002699279504,0.33315354627433136,0.2876534212862052,0.2355913006832714,0.1774190179562013,0.1558797519284583,0.16410518541387656,0.18116751702660314,0.1588210713442469,1e-09,1e-09,0.37661769133263384,0.3438366749545649,0.29817051396113214,0.25682752009823945,0.21345965311139417,0.19698407711844476,0.21104109254329037,0.2316574658892441,0.2470400266959019,0.25097693906519836,0.25715764617433085,0.3761113176251924,0.3344674675558219,0.29963088574713226,0.2623711201798446,0.2299130093469055,0.22638712827679136,0.2450445909210003,0.2763448020778854,0.310419331422048,0.3402650904984447,0.36649703320813365,0.38707991300887923,0.34801000000230126,0.31662774091794815,0.2817036536578774,0.25479764735596605,0.2519848587566855,0.27436405392884794,0.30853396331110866,0.34426155308377615,0.37612868652130244,0.403345754376419,0.3419669907083181,0.30424954868597137,0.2737937148422846,0.2521349446847205,0.23597710348847686,0.23331123919605995,0.24790059800773095,0.27324296221960453,0.2988435463779268,0.3242698481932757,0.3496801819093014,0.3297275502731008,0.295683875539747,0.2681236707064637,0.2459615159139939,0.23061129376188125,0.22859132533304094,0.2429020409468144,0.2668646491152125,0.29363036014892463,0.3195000046654076,0.3448392055805548
0.09986479555661486,0.13952564383448557,0.04949268756116223,0.016424422182180518,0.055421091284537614,0.10832739830108956,0.037447739853392455,0.06543564745059868,1.441532807703052,-0.39168401889542237,0.3387831306978347,1e-09,1e-09,1e-09,0.37812379190840073,0.3464043772162653,0.32699734271504305,0.3575263330541089,0.40634981019534433,0.44593255594722964,1e-09,1e-09,0.1602607301137851,0.3342952824256326,0.33341802694049805,0.31901630341111675,0.31245758713068367,0.2921929064699005,0.28100219850298797,0.2513112430557294,1e-09,1e-09,1e-09,0.47812112962170106,0.4368013239808687,0.3909614404948774,0.3382290815367398,0.3052233895282863,0.2784280830119024,0.2773980034308675,0.28776148728865975,0.28318121966225424,0.27571629710039924,0.25783230212906394,0.4035364225815748,0.3645017044943306,0.3328271593282227,0.29920482779075097,0.27009741573485674,0.2500270700488173,0.2490949826105184,0.2539047823278201,0.24609758506960272,0.23410995122471615,0.22760132727772742,0.34845505596338916,0.32508093132045646,0.29636833614549674,0.27329052965825806,0.24865791820156533,0.239640989543465,0.24120703821634293,0.2415486735997447,0.2353485883848227,0.22713966256903814,0.2235269230269186,0.3373682693791674,0.3125897418188599,0.2921096919229041,0.2692200483037481,0.2466077725058513,0.23446272159426004,0.2350312887403513,0.23821527686318295,0.23383725574908548,0.2265100801742205,0.21433896290126353,0.3213213785497289,0.30241302001220066,0.279619663064919,0.2582392157432475,0.24169898699763778,0.23105458866977405,0.23275997907821822,0.23412453106841796,0.2346430573744066,0.2284872416402098,0.2223137881514704,0.335720686818637,0.3108982060968938,0.2831868319716587,0.2634512646309107,0.24673837143703134,0.23473821169494466,0.23245994955752178,0.232614785405482,0.22998966016130518,0.22728129102077255,0.2233885680056199
0.03776652047670663,0.06984376936548967,0.09598137208359289,0.03154453075181187,0.1080961093898352,0.03062359153028515,0.1089454663997645,0.11663957327438294,3.0086181406803947,-0.8696472439405301,0.3303738604650728,1e-09,1e-09,0.46451012178595064,0.3726128201581141,0.24963521763021057,0.1819465848804311,0.2007660925972192,1e-09,1e-09,1e-09,1e-09,1e-09,1e-09,0.3090209360393815,0.25860457098099504,0.2029382545384246,0.17678172253150243,0.19922961669627715,0.22878594285031542,0.24522723018035775,0.25572209819215425,1e-09,0.42554450982794867,0.3819756266318173,0.3147122110255158,0.25760172854344426,0.2190445180641731,0.20909360237397595,0.2386112221318081,0.27750542689230323,0.3177042223970586,0.3619769036645728,0.40115078144135635,0.3912830612507256,0.34481316775541826,0.2907298594786639,0.2411574220278599,0.20211740093312783,0.18466939126775053,0.21842275143116083,0.25801210785879175,0.2991942365243304,0.3405233568436091,0.3765991504790617,0.316369548549928,0.28075499539430226,0.239162043684379,0.19573630347881793,0.1618779307211907,0.14334871622352965,0.16333039224707077,0.1889642393932726,0.21522833433523367,0.2398011655837981,0.26168910161061004,0.27072033583596977,0.2392748451212954,0.20222535290581958,0.1692495528834608,0.14055391118268143,0.12804240597462585,0.14614265776896193,0.16615000158754004,0.18475677983275818,0.2058403367789534,0.22007845889459335,0.25387297374845735,0.23249971565937264,0.20047263698929574,0.16658675164786638,0.13557657467407447,0.12319055914405175,0.1382767932827551,0.16189704189507562,0.18643266017933582,0.2105826817526569,0.23028551048834903,0.2370052251278428,0.2144356771961102,0.1958101600822825,0.16797052551522057,0.13804262752509322,0.12433393158763721,0.13546894270329185,0.15342177334756654,0.17492356946421225,0.1971695759965828,0.21503481489609358
0.13215899042534007,0.03508313754527341,0.12217844315896702,0.1564257843670066,0.1195177241909168,0.09193631120004125,0.03131156435041862,0.035496082582863346,3.259506779215102,-0.5451690159912554,0.39943159918828225,1e-09,1e-09,0.46782101797267,0.4065324038946509,0.37994685051447746,0.411756332172515,0.4882936642704656,0.5725910639496912,0.6592996751262111,0.7418608701361865,0.8310196679859034,1e-09,1e-09,1e-09,0.27019177976077385,0.29057554304353517,0.28737552569782293,0.33557331823432285,0.3778242785615291,0.4082766526742065,0.41558810480535363,0.4050515203344986,1e-09,1e-09,0.24588957767336816,0.2382070842646471,0.24287820583404454,0.2468127259364057,0.2616569202639808,0.2888857698404649,0.3087689003077287,0.3192189372947559,0.3123707447436614,1e-09,0.1904779726857083,0.2169696632214818,0.2118803249664086,0.20602302934653843,0.20580906103669586,0.2066104539655143,0.2290802803704023,0.24706967847027225,0.25855639635803196,0.27037014777278184,1e-09,0.18134844471058084,0.20639726401010505,0.1962124072902383,0.18720210653597905,0.18432242542204777,0.18984337194200412,0.20499538617816465,0.2218724741827812,0.23818558470470974,0.2546651940660504,0.07276137435569785,0.15802481034603044,0.18991715315502675,0.1817304294754887,0.173552064823962,0.16992290318937706,0.1735122821682269,0.1869974867678922,0.2040312806808482,0.21857345770124595,0.23356642895598195,1e-09,0.14801632765431677,0.17559186740690205,0.167383344229516,0.1593985940808912,0.15591806525715757,0.15966671613766584,0.172065051067215,0.18715756361339989,0.20077829484911364,0.21472402201805182,0.06305872699776957,0.14211304575156297,0.16707277436815995,0.15873759635597098,0.15080449736178358,0.14768862049107961,0.15112053361319022,0.16319615405196863,0.17688970265939752,0.18999425801786984,0.20315878731725917
0.023014910061038403,0.062490337830776246,0.11740742737904393,0.10785679081136569,0.04628708954026282,0.11876780906252953,0.01358679228984361,0.05059687296815561,0.6338065019485914,-0.2532542177839551,0.29464505466402974,0.28497658932058223,1e-09,,,0.15397979258483627,0.15339236179417673,0.11961428308623134,1e-09,1e-09,1e-09,1e-09,1e-09,1e-09,1e-09,0.19276225770423716,0.18039448783431775,0.18385153743629387,0.15802759157833662,0.12478477034472486,1e-09,1e-09,1e-09,0.12216854983887496,0.08781662722242842,0.2490677058369527,0.24038057187220777,0.2157626650418119,0.20516824988118665,0.2153247038056004,0.21300099831184063,0.2007881818897366,0.16588061282550084,1e-09,0.29316333820094415,0.2928271893253354,0.26624688045974115,0.2582712855284547,0.2500208039654721,0.24474785674280328,0.23988933683805239,0.22818526927010896,0.21605839537508684,0.20773814257214054,0.1770096050165808,0.23347849147775107,0.25235139929290534,0.24636504865811115,0.23383379192815198,0.23350564683061295,0.23798649717553322,0.23638958625457823,0.22830102827247706,0.21649667740881012,0.2054792381691527,0.183102220635304,0.2802427014709199,0.2570229306855894,0.24672145316151572,0.23960854792646608,0.23820060211294317,0.2421336037022859,0.2500801121915247,0.2500984927684475,0.25097419835534324,0.2520963277813427,0.25520645314232704,0.24631738128289346,0.23299558215730537,0.22469180735390482,0.21383090315368086,0.21118011779428725,0.21034574527271147,0.20768101426368657,0.20496255575172034,0.2039387419367771,0.20113051857121225,0.20094641725058102,0.23412994130272197,0.22122745163792257,0.21342622823578491,0.20912891510759504,0.20609384634741432,0.2041770352913819,0.20230595692185485,0.20273696589036694,0.21024248784579314,0.21367721371555928,0.21516291014864708
0.10396649833708863,0.02297970404805157,0.011936258240928435,0.11769720669981716,0.06270080757489224,0.05411521093257981,0.13335791292405952,0.11697956490511698,2.3815011904892005,-0.678139806000303,0.0746948740618307,1e-09,1e-09,1e-09,0.385706732806176,0.32256129562493124,0.2414890100451122,0.2535617824475789,0.27453981629389856,1e-09,1e-09,1e-09,1e-09,0.3797095859712739,0.35121835633421217,0.2940296366611081,0.22894501124124159,0.17055003151163609,0.19016547622376245,0.22521244445257718,0.23025778076853667,1e-09,1e-09,1e-09,0.2874570721894223,0.2572971575373448,0.2134767855784303,0.17115913124901663,0.13275367960511925,0.1303170470687933,0.15585655324127673,0.16904493480541222,1e-09,1e-09,0.2355686886943894,0.25600612527939376,0.23219090437098705,0.19890439637195823,0.16474064736549715,0.1379421144865118,0.14827394079000136,0.15333621800472513,0.14054109072503976,1e-09,1e-09,0.23722425182659634,0.2412639449914152,0.22125466087961748,0.20062633961008933,0.17809908223387158,0.1627791026627508,0.1663994705734062,0.18081003299664086,0.18996494635205635,0.20218705063220477,0.2115576839326372,0.28095192901447424,0.2684355204856586,0.23826086439500974,0.20883233157475675,0.18720321323862818,0.16418374878988745,0.16202057041222315,0.16684823902210988,0.17339626658896087,0.16482764131550812,1e-09,0.23738076927776144,0.22068037045996705,0.21013318061428835,0.1930630376806951,0.17736775002141716,0.16355442745987592,0.1608437314782002,0.1673882345983013,0.17842886439821976,0.18342053969360375,0.17824263746569208,0.25007227239398166,0.2380959364390145,0.2296130996041461,0.20770597980512223,0.18928642917385607,0.1784062245524864,0.1750456514584084,0.18248497264263147,0.19165282977509912,0.19638709309632765,0.20060995696270004
0.15574229552682672,0.05834175900039539,0.03569380321872094,0.07669169743910847,0.1420711562740836,0.05807977651565284,0.08702331601527435,0.06952930889674935,3.0540957491835905,-0.9161566993152804,0.22388561826489947,0.2913445553085386,0.21881805933996157,0.15466520540212908,0.10188681812548997,0.32748991852284215,0.33790138677920784,0.38017110046810354,0.36856273437834797,0.3360421435242881,1e-09,1e-09,0.6405493667018282,0.534824869095028,0.42728046960182386,0.3317187541477187,0.2767285494707036,0.27722082932571585,0.305155938717666,0.34409712845368595,0.3835977396000627,0.4165914180833249,0.43715876880058485,0.44876142953911013,0.3783101292397414,0.3101608268349255,0.2581800257369306,0.22216934075349049,0.2235724666837393,0.24734616185895184,0.27888496326190215,0.30448052546351206,0.3274472809601846,0.3462948033738792,0.38222983905622704,0.3358708872181204,0.2814620118651887,0.23400644097608736,0.20480981430216605,0.2071499250806042,0.2308040060941761,0.2610349042340097,0.2891175588262994,0.3155196015769874,0.3389207403735481,0.3448257775640488,0.2959715861766037,0.24250340673451032,0.2004961166416209,0.1801661487217852,0.17472316830430415,0.19332254432341894,0.21244441477747525,0.2292153433022325,0.24580528828611925,0.26015395394064006,0.3245232955558235,0.2817219548340537,0.24209629784052158,0.20734850498894156,0.19036333975241446,0.19354897502928872,0.2195554727465311,0.24932750778222823,0.2787458193649249,0.30752746505484324,0.3342335772901056,0.3021369913753283,0.2639086825833195,0.2234801784709982,0.18451235164585406,0.16602244177698908,0.16703036852710199,0.18666858601749833,0.21463098073342052,0.24102664048217265,0.2648111879840143,0.288480367058606,0.2947119567504407,0.2585067703112819,0.2181530381239027,0.1821440620901403,0.1620983844212221,0.16020076519546442,0.1780641429356048,0.20598107083386216,0.23147251488682938,0.2535513521043319,0.27496356854522647
0.028416492793370204,0.09437929518465098,0.12049725167476831,0.041837573700220086,0.13654449548699593,0.013988129712975758,0.13811625096566774,0.07832527158963383,1.2333152898808464,-0.531950916742862,0.04561819574140311,1e-09,1e-09,1e-09,1e-09,0.1915961914686318,0.14643488710111788,0.17866072455141696,1e-09,1e-09,1e-09,1e-09,1e-09,1e-09,0.26898449366095645,0.24248060386054332,0.19988681917806922,0.17956476041797764,0.1875372050681722,0.2219120557820358,0.2799279189248447,0.3307358365189736,0.3687825713272044,0.4022834790036245,0.34798757501611816,0.2816319490718866,0.24094556589681343,0.2282944799312942,0.2306827649142575,0.25442286670000125,0.28635894040847093,0.324017979660487,0.3540739213763393,0.37946023453644445,0.3776195591763055,0.3507408900136567,0.3221224755234145,0.29896654885493323,0.2880518173281417,0.29159923025000445,0.3086730773910367,0.33788400077611186,0.3666274481688026,0.39534492740821986,0.4223303322293318,0.35304902545326405,0.3323476302326191,0.3131452439276856,0.3026758286048607,0.3030959341108073,0.3145964959716076,0.3267221057124658,0.3501028168530792,0.37552951339972235,0.39879182868835233,0.41855760111031975,0.31978394684238204,0.29761789270518474,0.2708243162903258,0.2662528404636801,0.2760263709009925,0.2912577476302731,0.30977885219773343,0.3313527875281626,0.3522137820318337,0.3775367090327922,0.4021520478341519,0.33105656380701093,0.31221266251595753,0.27834163219694574,0.26218791909135203,0.26003237416780595,0.26747291329525197,0.2806912819863955,0.294951621103835,0.3109888426879542,0.3279592860946238,0.3489421665344459,0.2720130874652321,0.2644899908127881,0.24361929331653714,0.2350816203872368,0.2402251394671515,0.24665958631948787,0.25779322800791177,0.27330838931495643,0.2912184120565058,0.3096078216400852,0.3277657600390095
0.06150104634443891,0.0644370082072033,0.13359969698903448,0.15583419859434747,0.03827852545379388,0.13368985819956394,0.044097726131612724,0.10562574430346952,3.6808559972246693,-0.32194587088081844,0.47891682093302557,1e-09,1e-09,1e-09,0.2819565602815702,0.26957861585616605,0.22196413548489366,0.24111693777380983,0.3130528294061693,0.2907318522682402,1e-09,1e-09,0.16442523247780672,1e-09,0.20895541388240757,0.2535550024221869,0.20376986101271813,0.18593792194799846,0.19472719503475708,0.22390988494532274,0.21164996007990253,1e-09,1e-09,1e-09,0.2932182716671265,0.24830875556489057,0.21994277778250998,0.18006897723980875,0.17320183956319107,0.19973824606807128,0.22554038687774877,0.25217421840405085,0.27338328080516766,0.28485282645138355,0.097090294084395,0.2663878379985455,0.24294885968921504,0.20106292441516296,0.16138284910307227,0.1532670063641055,0.17700147138942168,0.20588113134495095,0.22776498470638837,0.24148675039046433,0.2532265376736361,1e-09,0.23601040307726454,0.2084591761512399,0.17198983293660094,0.13948691062195928,0.13010551567238451,0.1481100627484642,0.1694205570284974,0.18839496891410915,0.20241352929938883,0.21052957878457498,0.2586157491713685,0.2325050708208657,0.19750998490743224,0.1613906089567245,0.1302149282127538,0.12082223651226404,0.13681780621955442,0.15462715378323152,0.16935309981991342,0.18036716443070935,0.1872944250613028,0.2771892109714054,0.2330677044747564,0.19201523732562278,0.15376475020408426,0.12219495192809508,0.11175147566230147,0.1248763659753609,0.14041859773994217,0.15236072454996683,0.1659679389613907,0.17220866171098545,0.26342017405217255,0.22163511910116493,0.1828383933635053,0.14678424345207286,0.11751492861534754,0.10778194937058405,0.12122964873341843,0.1358145355575283,0.145897350886082,0.1569069023788636,0.16294334205401576
0.048665541202474905,0.039053735989436365,0.1568909485489486,0.024007653834721216,0.04716987775909775,0.029702061014212158,0.03803945297043972,0.13606166689469754,3.0042362150687305,-0.9280707540348808,0.3327088364356329,1e-09,1e-09,1e-09,0.26668466938849783,0.2689013348141908,0.21675751518018072,0.24591512123235965,0.26967162087605323,1e-09,1e-09,1e-09,1e-09,1e-09,0.27371397506678347,0.25543733143439173,0.2053660163261912,0.18324487943666298,0.21758137724390147,0.2493883287296764,0.2696820990818475,0.2707966716280418,1e-09,0.5104488485804721,0.4079980689729131,0.32393224783456737,0.2581313055651358,0.19889365240889018,0.17117620628118377,0.1788084923933451,0.18220939307629597,0.18597023230526835,0.18278451035391308,1e-09,0.42648589590005,0.3601288937043762,0.2935065261344559,0.23330550143896617,0.17979437366098497,0.15589731298548412,0.15303275644065323,0.15063018047735371,0.15263820056517058,0.1518774845760254,1e-09,0.3742417373010898,0.31312012744439227,0.25530221272591946,0.20295980713189482,0.15528478111011287,0.1371093932744672,0.13573484000624683,0.13522039800559177,0.13613711160334968,1e-09,1e-09,0.33021204418952355,0.2796438569370286,0.23078087463270844,0.18305334028103012,0.14208917252705155,0.12550259909675224,0.12325246202363352,0.12080419482737222,0.12478901936258592,1e-09,1e-09,0.2988359292933195,0.2534619240870234,0.20925924993671496,0.16662931170195708,0.12946454529901893,0.11492281504695995,0.1123188881938814,0.109576973388676,0.11568813289505224,0.09911826068743983,1e-09,0.2871921704634113,0.24322035472382933,0.20099590069507792,0.16037783820447604,0.12462904434284386,0.11148324998121326,0.1132407755378644,0.11731735126226382,0.12657911927048152,0.1286782552988231,0.1322876645475773
0.08859371982931089,0.06625366381499485,0.03186417728803597,0.025635000179309378,0.03037255541972188,0.13617293912789402,0.08854186607775442,0.048566057879775464,0.9062224295725986,-0.5652110047175385,0.23894945757074373,0.28522045211914937,1e-09,0.14552396547565843,0.3270391128681002,0.30824965016888084,0.29306177703987546,0.28974323260666845,0.24310255894616148,1e-09,1e-09,1e-09,1e-09,1e-09,0.28973161742987963,0.27638042878946023,0.2812371667378412,0.2738686053359292,0.2825913526808651,0.26969168980663144,0.27159001506833974,0.238903311228209,1e-09,1e-09,1e-09,0.22064669118539437,0.22839909059961275,0.22653624135599976,0.22812093676006392,0.22166999532527148,0.2326255945539422,0.23176643749611245,0.20171417781006445,1e-09,1e-09,0.24118570732497197,0.2111040344989783,0.20638900875104005,0.20350356882699094,0.21053300429952254,0.21568591994072966,0.21561871168972638,0.21328053109297915,0.2133312316682717,0.2050960805292791,1e-09,0.2131250862529751,0.19832469052453855,0.1896326009380644,0.2027124102951866,0.21074030235491598,0.21517077145249,0.21311457959709995,0.215257819876796,0.2133718581483672,0.2126621279332423,0.2155339798785022,0.24824721445566333,0.24297064999057544,0.23385458514057567,0.23733990602204658,0.23966670660838493,0.23756185248811992,0.24095133590807366,0.2402214341373372,0.2352475649862433,0.23899848532679205,0.27012033193795415,0.2611345383187086,0.2517268508464176,0.2515020763981046,0.25258859399585426,0.2502203430623598,0.24917774052510377,0.24921172780641349,0.24568876482524993,0.23816549404379517,0.22583100389372132,0.2552661795059686,0.24493365426962319,0.23068303155992667,0.2283800521897373,0.24186159918752068,0.24292457527410027,0.24084819488352946,0.23789402407548618,0.23349786312684873,0.2248849135752875,0.21510733132080026
0.13436505639644067,0.15413717816787034,0.09218895963889057,0.11113140582658411,0.02943088194593719,0.11766928558477323,0.07193625694520256,0.06222583380289417,3.855258352695012,-0.8546975378638777,0.036734181816936315,1e-09,0.7229843799315326,0.6021419155513341,0.4457121780028116,0.2887414169854065,0.17274564626702968,0.27663003672265785,0.3849421933189698,0.4543656027979166,0.43821322100003757,1e-09,1e-09,0.4166095095584638,0.3796457859597318,0.3111033661925214,0.24575369421473486,0.22044389499249026,0.36302934426510264,0.483140470637387,0.5789142898151014,0.6616052176987341,0.7316513603970481,0.6190081643395468,0.5266688822150853,0.43561384680947923,0.35407908851525954,0.2786005760676294,0.2270253455349377,0.3077865660670607,0.3827079412646197,0.4397752870802943,0.48695919341744603,0.528187611636583,0.49999455475888954,0.42591238264270104,0.35564010871979096,0.29243711212023227,0.23239611208225994,0.19492239973193515,0.25676603378411467,0.31188539185196457,0.3613740749899978,0.405355749648154,0.44338347615810747,0.4167735521416299,0.36589682566662685,0.3114109159481014,0.25708887908781836,0.20439670283586617,0.17097003169667901,0.22005160790538003,0.2647327508971256,0.30540426535732146,0.34406784717093625,0.3785833895137583,0.3659220583596098,0.31697330447349936,0.2735823110721086,0.2274469176287668,0.18195178051454744,0.14598088575682838,0.18293521977021387,0.21989298468145915,0.25081986452359256,0.27549842930086826,0.29869996550472117,0.34843893868075704,0.3016772026019335,0.2626472900314145,0.2225090345870156,0.18302301710957858,0.1538683622261389,0.19080174529330504,0.22726141997932506,0.2593233651928592,0.2856704057126138,0.30637641048512354,0.3400088773752321,0.2996060946806494,0.2575011785044828,0.22013492320820427,0.18438454846626728,0.15943883224273958,0.19637814940589993,0.23097794279607234,0.2642893862452942,0.29342257161289853,0.31856790283963815
0.06554095280421458,0.054832650926092665,0.04619067336949862,0.0704569997805676,0.15405169683020972,0.03271441508771652,0.10292458355506993,0.07959864530942026,2.7869110511722583,-0.26874315308352065,0.3835037757951834,1e-09,1e-09,0.40034165686492607,0.3854821971327909,0.28181155388225204,0.23132581828260818,0.2537271099759416,1e-09,1e-09,1e-09,1e-09,1e-09,1e-09,1e-09,0.21007440187260948,0.19903501157222858,0.19408519525914103,0.2185854070903978,0.2507554000799623,0.2888938111882932,0.29897065706967313,0.29583480290669095,0.43911381750075146,0.3583644717346584,0.3088066671070305,0.2524149810078701,0.20163404189814918,0.17540421061517972,0.17391146877378003,0.18248244902393954,0.18572547715626334,0.1998517900596521,1e-09,0.4421270318067534,0.37508885869964903,0.3149498037254891,0.25308687415588116,0.19777396068301348,0.16985081911836294,0.168278085631149,0.1853263041020613,0.21175806106745484,0.2367944146795139,0.25521629655981926,0.4009515532709797,0.346077081358832,0.28641983881134914,0.23154013050367947,0.18756525033405635,0.1688883905991442,0.16843714156921602,0.18952942132064907,0.2187582769064033,0.24704770628530884,0.2693987292097557,0.3525036515272592,0.2989866351861181,0.24984562782767655,0.20692462658501265,0.17345258595081264,0.1550452684006788,0.15444586299927854,0.17091824616521217,0.1992908111345878,0.22492832046677186,0.2452538842181133,0.32284287934391576,0.27930830789166033,0.23423645511344549,0.19932114836589748,0.1669519132752648,0.1486135077190115,0.14940831793224055,0.1629127348657301,0.1818287411526606,0.203162240379077,0.22209753743661467,0.30344683363965874,0.2603149008641268,0.22020786736449743,0.1897732386229413,0.158681355577815,0.14194061123430515,0.1447449701655784,0.15825671633891736,0.1752169884110996,0.1927180094715879,0.21042057909661963
0.12794483421119038,0.14421559431597247,0.14661749337362312,0.035740809906813574,0.08154461412444232,0.0629081481232528,0.08081651748197925,0.12751448398456386,1.5873374549009596,-0.37755820930516304,0.42378788343730234,1e-09,1e-09,1e-09,0.388865443340194,0.40307843358992923,0.38973322125236154,0.3792721552545549,0.3715215419832846,0.3965340854812899,0.38668600905544803,1e-09,0.5871584483951237,0.5024040104325099,0.41186031150832847,0.35976621642758666,0.3684108718741122,0.36544596658239564,0.372126051518629,0.39018259324360327,0.39692210936492905,0.41355970246821355,0.4233368472204246,0.4575518792254006,0.43125218613063493,0.39905212765910913,0.38706130216939905,0.38622527369057236,0.3756735533249058,0.37479080771437673,0.3739536111855288,0.37569480091722124,0.3797276957467874,0.39338202098134195,0.39534443561766336,0.3770710638710935,0.3566535961372236,0.35169293075005476,0.35674015269512716,0.3566013273254511,0.3602990843264769,0.369104205864401,0.37206966508508055,0.37528533060064106,0.3845808645626648,0.3624227619845605,0.3580768512115098,0.34478350946802366,0.33828362693242264,0.34084939004186104,0.3420855452821684,0.34511553389155036,0.34643139742284434,0.34989784778638905,0.35355052934601505,0.35977507730884634,0.3599959541444865,0.3357105080091415,0.3173791893609691,0.3114236650024389,0.3144876524399397,0.3162538697902272,0.3137536522932401,0.31629100204482463,0.3148778077171094,0.31344053480297746,0.3201689592420581,0.3431342677679699,0.3217444801258798,0.30904568689864986,0.30049203641780886,0.2968082593968966,0.2955005690578722,0.2969725908076473,0.30019028602170417,0.30087034847987587,0.30386248475109506,0.30939778069309776,0.3229942246195609,0.2992864222217274,0.28146165448219784,0.27789665831615196,0.27365559219166513,0.2758015106659157,0.27858318214832506,0.28149069579394914,0.2822445484632825,0.2867404296314799,0.29293018691574624
0.01976376314823725,0.02441326873204776,0.0962268249299198,0.020709107739016203,0.13014127753434682,0.04716421046528276,0.0817891826235217,0.036164814825330835,2.7173295045599133,-0.5023006685861665,0.15899980372069328,1e-09,1e-09,1e-09,0.2323537485446958,0.21705015142627773,0.1529847095755261,0.2381705057219236,0.3063275534386979,0.3137316404281161,1e-09,1e-09,0.45278985727853027,0.43495245793235476,0.351677142008893,0.26982752300056934,0.18438142114974532,0.13157728485568496,0.1690871884426448,0.2087527219161617,0.19371939513949335,1e-09,1e-09,1e-09,1e-09,0.18048541041707172,0.18354391428334432,0.1508049646591815,0.12317641921330387,0.14900091807392285,0.1881788192851359,0.21494483936526795,0.2204567144736639,0.17727621888759737,0.33232645792984494,0.2954092432072005,0.268156721493805,0.2240152684890533,0.18793597447253246,0.18665500203369373,0.23099094262218772,0.2882426888351949,0.3390869031643375,0.382296493305779,0.41808330032249463,0.2567406934382947,0.2657973472783128,0.23742066648099033,0.201254781095672,0.16842294485171075,0.15932888972800677,0.1886363352028766,0.22921000387410007,0.26925771584707414,0.3040524913432152,0.33434597025245344,0.2596001802668762,0.253968909486563,0.227616865092716,0.19255007960945747,0.1611597392569437,0.14644390775190436,0.17089683840017109,0.2067985474314519,0.24280434919746965,0.27177618175823837,0.2981944870009421,0.28705393427396064,0.259253680520114,0.2244463143122492,0.18717307763393368,0.15801539911959764,0.14423535516676894,0.163584421700956,0.19966456398153948,0.23427585499185552,0.2646907400863768,0.29039937342595623,0.2741170291733029,0.24659199405349067,0.2144463831633479,0.18039781982951247,0.1526382184055511,0.1373824244122472,0.1540549240102424,0.18817147122887787,0.22176591762168127,0.2510209467001534,0.2757593923097933
0.1268709278664339,0.04777792088646778,0.028347289233453827,0.11593801999066791,0.0562600826626167,0.01176744829189166,0.14429512118387702,0.104918860023242,0.5108514615637461,-0.7246884894212527,0.1939157048683868,1e-09,0.21407117069465556,,0.2909351874557983,0.3554694922864621,0.3729673499067245,0.3674247005302009,0.3621593855831365,0.3777431619004844,1e-09,1e-09,1e-09,1e-09,1e-09,0.2342674322457598,0.26116554692813637,0.2881567431118396,0.2850984793982487,0.2894329029649054,0.3231776152905744,0.34007834072016363,0.32462198202729853,0.11878704257988011,,0.23332475933754968,0.23885202983313217,0.24603747384924585,0.24821331208930517,0.2501570644217905,0.25811456173626524,0.2686772100791247,0.2830902501370772,0.28939281060062727,1e-09,0.2700751962841537,0.27187343092587885,0.2776189382138909,0.26594408403794384,0.25858977594559124,0.24783094877791859,0.23518484950639085,0.22965873403509207,0.22713669083260044,0.2362571951559784,1e-09,0.2397775172510201,0.2611233249582787,0.2650374453666648,0.26198934803126417,0.2564500543255147,0.25034380929065625,0.24107353394310785,0.24325030619601964,0.24280549167745905,0.23458220821478054,0.22384090842754276,0.24915099019492187,0.258632629926756,0.25007420237112893,0.24290610111232078,0.24060886982594548,0.23742365673842394,0.238559317612523,0.24768576454439759,0.25642562914756495,0.26102865218282256,0.29362528389215636,0.28033233571871896,0.27851409382500664,0.2690034158637585,0.2575693676500051,0.24661362908744644,0.243170242199657,0.2488448952489055,0.25190496515004235,0.2512637294454277,0.2505955722389563,0.29515872405694504,0.2786832422047719,0.27355688502192216,0.26125243513180274,0.2549012354571705,0.2515063919850302,0.2448870360625248,0.24024736674413827,0.23558278801796143,0.22549975964848104,0.2208892297929004
0.10217205093567588,0.03725063514205613,0.08790719195476995,0.09166251879990553,0.105374760120679,0.029957647828596397,0.05880818003635135,0.07446657600521617,3.903046760569377,-0.4967306320145953,0.4491401965376203,0.27810464668824875,1e-09,1e-09,0.366668485726584,0.3301036272269845,0.28411656781748196,0.25808954677657986,0.284917474518128,1e-09,1e-09,1e-09,0.16332185884869554,,0.32711832073323144,0.3303567846351265,0.27941317238966995,0.24882759609785143,0.2567991781379587,0.27645347395144565,0.29840293578673377,0.31774748606552267,0.329174897443581,0.11496035336429133,0.08458339754841554,0.24269281777886792,0.235195805391988,0.20483172692698376,0.18752306148892575,0.19501650510588048,0.21088439781766882,0.2369828067903292,0.2559430411688208,0.2794278471493118,1e-09,1e-09,0.23310584186927022,0.22047790568980677,0.19410654734655342,0.19433962050944803,0.22524673465768047,0.2635402763031197,0.3093345579357125,0.3489059689153858,0.3826527649526228,0.0873119695333805,0.20146686100270764,0.20230032797743777,0.19404206449568145,0.17437211131514918,0.1721800567555499,0.20135081254425938,0.2386836396701087,0.276184381147489,0.3081048047490138,0.3389046929066076,1e-09,0.18231885152941238,0.18280995700541358,0.1715862843907968,0.15662568196962948,0.1552443230116417,0.18428688284072756,0.21948924831678615,0.254344249993849,0.2842503559742101,0.3116101867669007,1e-09,0.16852099616884003,0.1671387102967461,0.16011111800114522,0.14417791490833307,0.1429787184957371,0.16944447998983633,0.20157017182794354,0.23341964024770306,0.26075637748165215,0.28521789470849995,0.0656164588531995,0.15798573503503358,0.1582824167883332,0.15138511577284333,0.13658570208716353,0.13586425767973387,0.16086527624389646,0.19152342945455275,0.22184825526727248,0.24787861003965983,0.27122726235052175
0.11544972291831267,0.07775079263939383,0.13329630378717133,0.1439987953297781,0.11311980844008246,0.04438868380578008,0.15585461257053693,0.041955903360211544,1.8482060758152317,-0.6239047207399626,0.11950276462315076,1e-09,0.7167562836291679,0.6032627719217294,0.5084484076604326,0.3866831827669708,0.34987279246495584,0.4024023224733154,0.47054207473937687,0.4942638490877775,0.46425724148068953,1e-09,0.5372763172301565,0.47417855442178697,0.43337705570665697,0.37788082760113306,0.33112893424761075,0.2907204566848912,0.29609789392657354,0.31990491304960306,0.3412272105128592,0.35415428384406517,0.3483784245847229,0.5060308053831447,0.4491495703852312,0.3934517369949764,0.33673931783454764,0.301386123828165,0.2753205029393223,0.29843452307774865,0.3353241713755904,0.3693491716554129,0.3954921782276505,0.4198348347218907,0.49528142583792373,0.43025656154045705,0.3774227371682958,0.34849225803258105,0.32147428891138125,0.32138270790091233,0.3398884321064062,0.37375650727979537,0.4138344361430409,0.44463521774227244,0.47358841006851976,0.4589884836772586,0.4066556946008216,0.36162353987787227,0.3323069853331985,0.31639239228658317,0.3131911409689283,0.3304569122939364,0.3531228040433714,0.37982950322169934,0.40263853895541574,0.4231356491543524,0.3988772499146547,0.35528608986339616,0.31819404665522877,0.29483860813858326,0.2802649831984775,0.27770414764372603,0.29400391181526303,0.31565082148775336,0.33518150565273425,0.3526038118040075,0.3665330129066968,0.37076683548659267,0.3389731060720909,0.3126040302340133,0.2875753215834982,0.27017180210314273,0.26339485456957806,0.2710383419129869,0.28430549642841707,0.29455527103756585,0.30095071741342594,0.31023424352535073,0.35519560226418706,0.31838922667813424,0.2870533097181323,0.2695585604500686,0.2589092053833242,0.25423588835074273,0.26134783012681906,0.27164093990050636,0.2810871997419138,0.2878326081293246,0.29479017481851
0.13849918263502148,0.12276319083636561,0.03733132021262633,0.015865221652663426,0.053332159776051574,0.07545902802419376,0.05716998056589058,0.14061834263519718,1.2105820973368486,-0.24433208408663623,0.4347103281625327,1e-09,1e-09,1e-09,0.35316770511334167,0.35035065349547656,0.3680864815204404,0.3882267643934899,0.3896567053738417,0.4302856576970341,0.4578414839740093,1e-09,0.16092930930232535,0.3861190859005157,0.38799868434440205,0.3739764849251698,0.3626287558289433,0.36636467928265326,0.3750009953999513,0.38373581745607793,0.37963193247684635,0.36470901890514673,0.2681551845784163,0.3498105897536398,0.33504957827892423,0.33216174821819566,0.3194087282480934,0.3266907404957402,0.34392171255701764,0.3458601478259625,0.3433345057912111,0.3393036892222454,0.3267798465359329,0.2911619964466174,0.2887855169071,0.28204332204970606,0.28143734900072676,0.27825776604290275,0.2807531460680028,0.27983088830597036,0.2727303821324541,0.2598698873426149,0.25830465552534637,0.252990254993004,0.23025065131988415,0.2686510557928046,0.27159332211459564,0.2652832209693408,0.2614997359619701,0.25737012208192267,0.2585455157796891,0.2607308250151873,0.2536717963240113,0.24351797734864394,0.2424945046811482,0.21980011105121974,0.2839949969811668,0.26351230838799405,0.2657593188774397,0.26032727793297317,0.2587126830333841,0.2586450823604063,0.2565563126122592,0.2576247293972834,0.2524901482519609,0.24921553107617783,0.23824825840060812,0.3079248596815228,0.2700525639397924,0.2543382978881643,0.24759376930875085,0.24328943730887867,0.2444316507978671,0.24420643983661622,0.24207333596970101,0.23793928034016432,0.23419665103132536,0.23186593872050817,0.3145205122964317,0.28363867731287445,0.2623930556900709,0.25347962305769434,0.2535313727781846,0.2555972252107037,0.2602487139238675,0.2654793483957625,0.26262500185111454,0.2580550730959598,0.2554667863904195
0.013991700235035405,0.14746295339696777,0.08512123606059088,0.06120410514048933,0.010647563193120381,0.13524969132334108,0.026405667165834652,0.02224408234411424,1.9135286367046866,-0.4303941540460659,0.43343317562118405,1e-09,1e-09,1e-09,1e-09,0.14631149831149243,0.10303674803655825,1e-09,1e-09,1e-09,1e-09,1e-09,0.49476631118696784,0.45320824615784666,0.36521341263793305,0.2825108372674746,0.20339968415179024,0.15035954814519728,0.1631622473384961,0.16956864987876122,1e-09,1e-09,1e-09,1e-09,0.29768677758430345,0.29097061695779636,0.2663042032103818,0.23300614453656218,0.21058214299834024,0.2124746153334836,0.22002628273477254,0.231275157300597,0.23809004014207066,0.2445160745780543,0.28725810261876583,0.282827127447794,0.2719894800257257,0.24962690065524124,0.21832043957237787,0.19347413132132257,0.18584334278427325,0.18483068974537628,0.17325228634070744,0.12410572602031963,1e-09,0.28385362985231355,0.27048616933085673,0.24003282757112596,0.21249621491457274,0.186878186762046,0.16599585210718015,0.16146354985644798,0.1563653046836977,0.15147260216152555,0.11736763923370044,1e-09,0.287252411532728,0.2571483257613528,0.23781000648034195,0.20534781425382295,0.1697590281332556,0.15887242196585852,0.16773455168839438,0.17334530224084801,0.17167920888354524,0.17417204218145796,0.17751628377102813,0.2659972046053977,0.2502232554480085,0.23086482673772138,0.19889527080513467,0.16887947222822539,0.15513316782378897,0.15978013854898976,0.16273092583299598,0.16058772548078482,0.15584423044442047,0.1555047051193886,0.27072697408719526,0.24619655678318716,0.2261554217411526,0.19493613691398348,0.16269058730627264,0.14936806713666417,0.14965265164179312,0.14978809487195902,0.14965694326928414,0.1477679604864263,0.14607675085957167
0.08852274822966252,0.07415269677439752,0.02814930764728824,0.07064632120866782,0.0793044042345404,0.06957037912964253,0.05268210097387737,0.15415917558193776,2.1675101940348585,-0.2901279915377072,0.28391849682945014,1e-09,1e-09,1e-09,0.394814558762514,0.3247751422592167,0.28327575199610144,0.3018165806570001,0.28682193393016636,1e-09,1e-09,1e-09,1e-09,1e-09,0.30715461861620735,0.2740884714166944,0.2501529972017107,0.22621260349203864,0.24380365337410154,0.2723758017432427,0.2625268889763962,0.22110854046563494,1e-09,0.11035246892017815,0.08263446855091158,0.21426458511403243,0.2161150629796768,0.20359479308290987,0.18915730365424674,0.2038680060970658,0.2257626296497109,0.23955282742961165,0.2417475900364223,0.21229031065768897,1e-09,0.23872659522562525,0.2220561785953047,0.22170632989028577,0.21058080997827724,0.1961460314192648,0.20012298853921678,0.21879604141520964,0.23458510277172032,0.23587247962044552,0.23784815271488874,0.3363216755090754,0.2965947344716489,0.25297185036259023,0.2226327743710092,0.20141030516436115,0.18240538548102808,0.1824695899424982,0.19512232727996132,0.20622399626433455,0.2122003607221672,0.20933654441753613,0.2688710890586966,0.24649420918619117,0.2189369180883744,0.1968862989336291,0.1813623086629919,0.1660510140240356,0.17284459053923826,0.18722221333417138,0.19724967418625505,0.2034317702024098,0.2116364381050095,0.290838301810328,0.26046714851696573,0.22174609135754073,0.19232281488445557,0.1700598823642834,0.15094865224662296,0.15304873554607423,0.1621729638554913,0.17301287259684542,0.17893895399642926,0.1890221823090821,0.3023079419239945,0.265963866734679,0.22845938224179385,0.20178847155486931,0.17635078371679444,0.16176320226431565,0.16446066359120118,0.17092372017180305,0.17599468786334613,0.1761889174144535,0.17613740900221464
0.07041186711618069,0.07731272996686181,0.04368939374630074,0.10336674102084131,0.12141211075373705,0.04298605918542064,0.07992650278295307,0.022905878705073116,1.539337762213429,-0.7909118830137893,0.15602990608521392,0.29121983219645264,0.21499778529766406,,0.3535760132432651,0.31220469305452003,0.2664790327862444,0.24463823639275,0.2952138898559354,0.33057874146606536,1e-09,1e-09,1e-09,1e-09,1e-09,0.2513917399502686,0.23964852222345037,0.23165113231647125,0.23884585551985232,0.2558754115435829,0.2707662394003726,0.3018404068648207,0.31640433618062597,1e-09,0.3187056574242454,0.3091314683565243,0.27374905229027224,0.24140460505265002,0.22609885704936125,0.22765546005025838,0.24642102086285597,0.2522270643056311,0.24235846928215274,0.22355929110128792,0.10066109446920113,0.29384374072469654,0.28672219980519104,0.261014723007146,0.2333280902657946,0.21686770372956046,0.22476130419142926,0.23447894635129676,0.24888790234055697,0.26246476420901255,0.27030535851110943,0.28209513100836625,0.2897865748436199,0.2735391293237714,0.2594705743316465,0.23937915417818784,0.22680795875564852,0.21878490327476743,0.2284614204411365,0.23995079535195532,0.2565490640200085,0.266460009906984,0.3183776648046366,0.29975226424207796,0.27746727680307237,0.2559624747713219,0.23793987488799204,0.227510001057061,0.21787472999522897,0.21725328811532768,0.2240514748524608,0.23386482708487644,0.2428533214136686,0.3077324392200495,0.2898278852024741,0.26697401459601466,0.25346842150100257,0.2375323756909875,0.2288400458519221,0.22736271606809885,0.2354393183632089,0.2466845041004239,0.2568143498488253,0.2693138987477147,0.29280467574887775,0.2757231578656132,0.2552741947113541,0.24194070984174448,0.22415219244473591,0.21395614529227258,0.210588520472406,0.2241270793706669,0.2387180529633667,0.2490849586680505,0.25859286027264483
0.014894109334763763,0.12909715289704432,0.11804482274368475,0.11782485987304019,0.055576634539256056,0.11571945860035435,0.05868319252341894,0.010969645814083247,3.4928988079380545,-0.8293821779908218,0.3746432928224682,1e-09,1e-09,1e-09,1e-09,0.13030420115576422,0.12003509941381009,0.100207710655736,1e-09,1e-09,1e-09,1e-09,0.16134369401083898,0.3519467576692181,0.31833381557494345,0.25231176117991194,0.1913203445274216,0.11926387854174296,0.1249308968711362,1e-09,1e-09,1e-09,1e-09,0.3814917130822374,0.3725002232083902,0.3202955612964097,0.2601151247735548,0.1958417571903803,0.14968944280211696,0.1711940389064917,0.2009075572984883,0.22046671909159127,0.23358626398464682,0.24044907051258904,0.3760240357874226,0.33661927204212655,0.28446905159570923,0.22378217781620946,0.17225856714298451,0.13062049496662875,0.14366519795234928,0.16959792559248268,0.18957132136479823,0.2018643690076335,0.20600447133610514,0.3668230075620765,0.32225533715151616,0.2720062136142608,0.21810580181549247,0.1645345729440758,0.12222187947815374,0.13035389234933178,0.1479341663331982,0.16086744221201754,0.16502646300003931,1e-09,0.38219770847407,0.3279167470387553,0.2750794934536939,0.22008377225201706,0.1713820331889189,0.13442083588833018,0.14946494624087478,0.1739513505253091,0.1958327457812001,0.21375898008064986,0.22637416335764304,0.35788843433078493,0.30484729626631685,0.2541945939094155,0.2036222706912418,0.15742846732552776,0.12142185543284163,0.1318802227494526,0.14942106374095346,0.16622521003754115,0.17861518677711977,0.18434799252901626,0.3320943215143627,0.284242365799592,0.23767546372565923,0.19042180539260362,0.14743779073806135,0.1139882143061842,0.12422497513487854,0.14038825349935505,0.1561398991487471,0.16758145106867406,0.1727061814412082
0.059521255730432696,0.09874787509823305,0.052001750232551776,0.11956889873286157,0.07077694291892951,0.04787448794407363,0.11143426655776764,0.12449767005340927,2.895692731727884,-0.31577806414100373,0.4246511714011649,1e-09,1e-09,1e-09,1e-09,0.24773178229266435,0.23657611669399722,0.242588273749861,0.2887555222911581,1e-09,1e-09,1e-09,1e-09,1e-09,0.3144042918432804,0.2681150327135825,0.23911150490195007,0.2340099894912261,0.2699791018816404,0.31000446513734947,0.3390390172060851,0.3664138249238139,0.3870279691814336,0.11697355814958432,1e-09,0.2376862150445114,0.22820678444276796,0.1992813871333156,0.19914477318562834,0.2069202383871101,0.22688409255243147,0.2402497479456906,0.25972641813790787,0.28540320519262957,0.09546569602997795,0.23604033388309822,0.226728385858912,0.20761489965131902,0.1827252526934558,0.1761991867419669,0.18508695321851137,0.1904249494094463,0.20363497016952364,0.21756151650064634,0.2262886810015657,0.3436876392496753,0.28114472257284384,0.23944458655009548,0.20125870069555862,0.17358953322357812,0.1632153272638261,0.16889122374763335,0.17306464031339153,0.1856740451687519,0.1931621983394314,0.19252735415968172,0.3100566102074114,0.2545362048382076,0.21747914562044698,0.18872873451560374,0.163295959208899,0.1546622407648967,0.16111761582587458,0.16520578003920947,0.17804484999373096,0.18533509636321913,0.18469618064053592,0.3035810296495869,0.25302180814812575,0.21492258306436923,0.18437110250236574,0.16138983344815136,0.15284584240732596,0.15986794757079492,0.17385061396561835,0.18939213450555886,0.2000509746785714,0.208122276160346,0.2961346480695977,0.24549737048871106,0.20798160466450707,0.17879001261056157,0.15567281087546841,0.14674417145348215,0.1553254024171236,0.16994273906486884,0.18607356947527756,0.19829441225910288,0.2070248379592001
0.0194499097836314,0.030651808107535733,0.1267857582078944,0.14691029050278276,0.052800837649681916,0.09262427463704208,0.044415141971756805,0.14126002043633337,1.4017015303663891,-0.1937618651612537,0.3412242034182227,1e-09,1e-09,1e-09,1e-09,0.17770332282418977,0.15105283100230377,0.17869571098950857,1e-09,1e-09,1e-09,1e-09,0.16747462095799148,1e-09,1e-09,,0.13016110156757277,0.1220095451200536,0.14383807897955184,0.14048904367541917,1e-09,1e-09,1e-09,1e-09,0.28278954116398697,0.25308910141867064,0.2119122003107024,0.1834474429663623,0.1842443785100867,0.1825954061995381,0.17883266598812628,0.19071647806090383,0.20715990307105764,0.18992258391001904,0.2731502282746803,0.2671708067154723,0.26024804038455823,0.2680558526859956,0.2684446458753506,0.27845410557664485,0.2909896157099881,0.3114800632839166,0.34324235602309816,0.3778700313548163,0.4134882019351476,0.25747795603718443,0.2651245725442248,0.2718940141634661,0.26176610884759266,0.2521404494671055,0.24242988624466455,0.23716697040097967,0.23202428159154012,0.23923456905134027,0.24550035301689555,0.24414464614643538,0.2571883832815562,0.2538758409358464,0.2555725795922929,0.2622589445409317,0.2602675742056932,0.25736886451804986,0.25630495048238305,0.252244237402985,0.25888217334385033,0.27031470666355667,0.28357956161716713,0.2756296764773129,0.2510735842989647,0.25107957205177917,0.2555307063098325,0.24771989568701766,0.24146742615706943,0.23573966200443108,0.23197816531271198,0.23221641471804133,0.23176618825156078,0.23742958925451785,0.2865164571800002,0.2554101173340612,0.24771961570422932,0.24583080019215164,0.23480729800067,0.23192810651116272,0.22668291246155325,0.22081234847813638,0.2215908555740486,0.22613459877928468,0.2310649260233535
0.06136432484432101,0.07874690513135921,0.15052006279927224,0.09671441405079768,0.0930535202562839,0.05862520247796082,0.11805510770330481,0.044612007916075426,3.9299697195801504,-0.61446840587257,0.2709776223210924,0.2984053498275676,0.22393817766227847,0.14572300164881144,0.10440259427799889,0.25029943376900565,0.22726286381829164,0.34005099874293343,0.44609739987658087,0.5131211366816649,0.5677359038065607,0.581359718210268,0.1690110542043916,0.12758759008332626,0.2497525500167548,0.2684228747109416,0.21891149545390584,0.17707229961826726,0.22041197837565538,0.28773948014971695,0.33236712383760153,0.37197070030486423,0.412736455970208,0.3866043028142291,0.3511638869977616,0.31946555414859534,0.2674024345429186,0.2107240991680872,0.17340354365454763,0.20710741113441167,0.265637619077943,0.32004349528437914,0.364430683852236,0.4039372514086718,0.3994748222880088,0.3470391523762876,0.29151677973998635,0.23175790869059343,0.17532761033170183,0.13222412376407305,0.14122203047514062,0.17156327694373275,0.20324989562869786,0.23230819024067426,0.25926258268098834,0.39510792900233116,0.337668715806951,0.2813315493612332,0.2229391404660269,0.1682080654077286,0.12930834777025468,0.13779994107645124,0.16072792007983563,0.18533223043911654,0.20875688424316313,0.2323662715728314,0.3251124489931558,0.28389172103985566,0.2379306991831914,0.19106406584173127,0.14596658622680167,0.11173483315855916,0.11647332338980017,0.13366529775710811,0.15692914633002775,0.17902640754724816,0.19947979621198766,0.32379316162898847,0.2763552904836644,0.22772774170714002,0.18053910150347616,0.1373945917294337,0.10624154926962005,0.11137105639217491,0.12544502835677815,0.1469342548923904,0.16698884434501368,0.18564413902789514,0.30108219484157056,0.258460251101007,0.2174970822645605,0.17562511500123867,0.13636239812319567,0.10586845130209113,0.11009613718167278,0.1239013757947912,0.1430204011666052,0.16247073819814797,0.18063666110569476
0.12929487014049218,0.05159020834430397,0.010123841465545682,0.05204802036296112,0.1126707014723719,0.09902492581119414,0.0892220438105332,0.11637341795571728,1.646068628269755,-0.2233970176164551,0.4009451876694668,0.2912579532221662,0.21865222554760244,,0.419980801058114,0.39751518951909626,0.38725557597198484,0.392018065979787,0.37316178260412447,0.2976496401142964,1e-09,1e-09,1e-09,0.3550219043694845,0.35916978402708677,0.3455641684254394,0.32048944721436284,0.3014995954420934,0.31216952762563344,0.3128612086318904,0.33133054203530293,0.35247675082304003,0.36901168721120353,0.11423297964875676,1e-09,0.25355865324529525,0.2650483074280067,0.2556806456141931,0.2551760777121415,0.2504104975662684,0.24297227818773728,0.2525841088167786,0.24120527497165017,0.2115018971809972,0.09283224502177195,0.241449168389348,0.25881682416521856,0.24031824843850363,0.2289880994924444,0.23065014359283673,0.22422120786104877,0.2190885875454497,0.21926128366877845,0.19019690187979926,1e-09,0.3338713016304897,0.29622739159191874,0.27591908097205164,0.2517805084605493,0.23671645014722476,0.22358415104832743,0.2120686179184418,0.20009352527073873,0.19840289266398187,0.18949179624276752,0.15722401087169285,0.3196985038024299,0.2722346276402655,0.2585576073365219,0.2467100517576062,0.23960622915294846,0.23640993670880983,0.24266264273926766,0.24364771122583517,0.24524256230438518,0.25545544245471696,0.2679819345758077,0.31345362604591426,0.26593418892293513,0.2436952043899168,0.23515291676304279,0.23062314610820184,0.22251563807474212,0.22357871221460124,0.22028796954575075,0.22247828536856742,0.2229207815530133,0.21732536528929117,0.3059720665372751,0.2732824702374116,0.2579093317720261,0.25363925425322226,0.24522665366360716,0.2392968341269513,0.24794833609087152,0.2537906860447521,0.2583722871293892,0.26171140062930903,0.26150745198860414
0.07882330293897322,0.03636399657037374,0.15664917463693617,0.08595669113645213,0.15733319408242322,0.07987926000357469,0.15439115850087257,0.13375415240232852,3.5490610900008166,-0.8502831038182312,0.4722190047942535,1e-09,1e-09,1e-09,1e-09,0.29259551227558217,0.26963458672311724,0.22179523121935812,1e-09,1e-09,1e-09,1e-09,1e-09,0.4252618111422813,0.38939282932465996,0.34185124741423556,0.2896486969625635,0.2534099525163405,0.24156578927557582,0.24562732918222802,0.2536248828101085,1e-09,1e-09,1e-09,0.32986640166444825,0.3038730955514237,0.27092126740040023,0.2342386097730102,0.2129692255597205,0.1967292993105714,0.19496075214370628,0.1938540998283905,0.16899825389141454,1e-09,1e-09,0.28808319041876707,0.27230683329365235,0.24191367458891985,0.2136374109285888,0.1947189085065305,0.18495768503714982,0.19342943163925572,0.2102867462506765,0.23043531585561258,0.2495120501840378,0.3545776691098522,0.3093730956804981,0.2655660130311113,0.2270371186975483,0.19389567542758415,0.1698120035723509,0.15483946978540034,0.1487304358645754,0.1569559407034491,0.1625092997981921,0.17214039138900536,0.33569973004344744,0.2819857827397916,0.2388868159344022,0.2059840023401413,0.17605872705512976,0.15618193716306167,0.14240591143793938,0.13784685591033197,0.14044889382689907,0.1467359346249997,0.1547104673011431,0.319736438384344,0.2721519542228022,0.23123791015366518,0.19868315723554755,0.16946552944390642,0.1491863291151301,0.13552333525990484,0.1297323357107003,0.13229314094755532,0.1352363592193354,0.14245849664474902,0.320048605091051,0.27142788519739736,0.22954649092288584,0.19731794811709308,0.16944438982249863,0.15015434216278278,0.1386964670909169,0.13759643344779907,0.14143955957264373,0.1466700904564892,0.15073320095471718
0.12307347592281868,0.0758306988889783,0.1371273208610012,0.14062934167109103,0.07152887464684152,0.14930453809637778,0.1522764998835965,0.010855548983024696,0.6579851412717954,-0.500993990330747,0.18620029037219557,0.2886166754523457,,0.1455282884536197,0.352725668825128,0.35635880504669776,0.36083357428572704,0.3612316727501207,0.3613350578194502,0.4176411332775347,0.4258859777264471,1e-09,0.16856061731016014,0.1260671513391204,0.3866929037835651,0.38903931327510144,0.3762794090080577,0.36474675211242313,0.36435484410931746,0.3808050517641283,0.3983744251677336,0.3986526664416658,0.37839542132974574,1e-09,0.36104931899856224,0.36543152436391435,0.34746671671123724,0.35003734662067154,0.35204496834979254,0.3506452126943779,0.36210728681008825,0.374619644303355,0.3998725922120572,0.42678724522045686,0.4200521031641296,0.4064459308165928,0.3833806373325387,0.38170657041533423,0.37578002628301865,0.379884460537968,0.38956399177725526,0.40242969676523105,0.4081088047845902,0.4138407103087113,0.42536946060537023,0.3604010817619873,0.36706418307464755,0.3633560168671187,0.3615554440632018,0.356398499670255,0.3566338194602512,0.36029449888135556,0.3699797933732606,0.380707282123429,0.38893301330296737,0.3946298020600791,0.36462105309992254,0.37822154480502634,0.38427976633198613,0.38379986153352413,0.384345622965882,0.3862178254110442,0.3910995541758928,0.39159313925856903,0.3934935065520686,0.3925780292004998,0.39555978322513174,0.37853324023860957,0.39095819474022275,0.3994240725719981,0.3997517033235522,0.39254284521096494,0.3913165872801204,0.39320733482398806,0.3979121523198156,0.4037774700379946,0.4120820745122578,0.42105519129883096,0.3631023753779411,0.37161682902858945,0.3804710829694421,0.38134535631456185,0.3740811226483818,0.36953966593122295,0.37380030405674053,0.38074216717030507,0.38808360266355557,0.3956951542009362,0.4045666237878421
0.12058412192558775,0.10725733970973557,0.060589552828060694,0.012575703968669907,0.07490964396857483,0.10410122822534501,0.15237322756938285,0.08047861214094032,1.293634758280595,-0.7431464661591541,0.13566204630536757,1e-09,1e-09,1e-09,1e-09,0.3107895976816136,0.3091022233208062,0.3461442979348539,0.38187955623980097,0.37555504111255217,1e-09,1e-09,1e-09,1e-09,0.3711551473835552,0.3530503706552593,0.3329779389240004,0.32510991755231217,0.3297579269474783,0.3372819530381114,0.36113065826627777,0.3672830795646457,0.37484275056720423,1e-09,0.3491606595807763,0.3399800365411092,0.33971363892357576,0.3281316272990589,0.3139984530984805,0.314472301153915,0.3149207567037212,0.3094726646355064,0.3192684164410971,0.3278207757740672,0.34004626226866047,0.34764810293755366,0.32757359345197257,0.3043594962894332,0.28991412268677863,0.28140126161220325,0.2813847162264995,0.28886891123657066,0.2974930546690561,0.30343491430837066,0.3128022987090137,0.3521195152656892,0.3303194374990974,0.3062023177542741,0.29033846291729465,0.28487959742588415,0.27708532955629467,0.2716953042888535,0.27016978052742363,0.27837618957426585,0.28629969444671055,0.2862174317162248,0.31874996411861617,0.3017289397077435,0.27859564912771184,0.27195309813049007,0.26602474077751914,0.2562498133171957,0.25375601462863845,0.2529018162947224,0.2584087794108374,0.26392703492336356,0.2662787949772662,0.301569120452815,0.2860317826244067,0.2704121167167807,0.2617348366662015,0.2510363172601217,0.24353777465640275,0.24088466604962785,0.2458259776272736,0.25075313648531483,0.2580210671254471,0.261940008748058,0.28494041836829803,0.2631192342023663,0.2523179579737661,0.24760061996815405,0.235564171593636,0.2306246737421165,0.23536754489273914,0.24162117108210154,0.24436260789686906,0.2456072853054689,0.24536415556823848
0.05540486454088619,0.05826252115512273,0.055904493316478336,0.026964278113249453,0.11822112892779368,0.1534174329876911,0.12791695471900763,0.0384958133784283,2.4499784924004913,-0.6288354306119704,0.06011624260932845,0.2876459045478425,,0.14774506116970612,0.3098618033700826,0.23973826248746394,0.17457720829999068,0.22489463213776628,0.29528363127888424,1e-09,1e-09,1e-09,1e-09,,0.24693201049025862,0.23047090278337298,0.18030039514743815,0.1513607740545539,0.1849663086712594,0.22987574087431087,0.22206874756378794,1e-09,1e-09,0.43620548516043056,0.37746833455486534,0.3145563770361644,0.2550594435794697,0.21023992628629984,0.1769250305723763,0.19296573647040766,0.22099477848681198,0.25096045077922735,0.2884377680054092,0.32083390642744436,0.3708866274743465,0.31585444938454005,0.26541933207608964,0.22021964238485917,0.17765073744321672,0.14909559529578734,0.15504302951376114,0.16768057545188592,0.16596007259263568,0.16401631738310724,1e-09,0.34310974116813986,0.28940424648623836,0.24891241446939683,0.2119968862058965,0.17314449038227708,0.14801866175224113,0.15226200543404267,0.16192478375061126,0.1744863057909,0.17825154135850751,0.173003286361479,0.4119397561070956,0.35265506795753465,0.29738675911826923,0.24876027536934017,0.21069476126257386,0.18452587419309316,0.18660733624289355,0.19630827995698402,0.20354045320586842,0.19767828352030795,0.1853027127472539,0.39215417037645445,0.33505145581786655,0.28187883982554474,0.23393028119734985,0.1959177444642435,0.17593233044842954,0.17617206255911286,0.17717353446858733,0.18652319383437532,0.19555579998075404,0.20338891349085875,0.37276172778187,0.3184451907194047,0.26688407146890525,0.21978955448992593,0.18510107371917642,0.16783904989340595,0.16554770757554693,0.16325601920120755,0.17019888664190644,0.17960693953753099,0.18779209926740573
0.11356387093894603,0.14011054239778126,0.09712049705651832,0.10320299279988737,0.12355279297868572,0.07263511121821273,0.029403820583082364,0.04461628196093624,2.1410810138384795,-0.809150648164389,0.056011263857247036,0.2911719709213022,0.7544480114483644,0.6441149582091878,0.5422498554120302,0.4095776508369321,0.3348497224223172,0.390070309179958,0.46913629598987616,0.5394336305626906,0.5650077754509553,0.535099195142409,0.5815140472837474,0.512902457432814,0.43582754028358794,0.40204905102615,0.3441793050376445,0.29805627098783216,0.33526207780987566,0.3839983056841246,0.43892027446508025,0.484666980473765,0.5232326998731037,0.4770610017428504,0.4034064590346055,0.3512469127593207,0.32169710884915836,0.2864843697181402,0.2865238179378163,0.3031658054842707,0.3268590592446815,0.37210612299856616,0.4117486299653661,0.4424243064140403,0.44193184041945155,0.3869143315502659,0.3309682094823334,0.2942914261285283,0.2659574157481002,0.24625800860917943,0.25624216736087324,0.2856843736963912,0.3106956060092742,0.33271345420430704,0.3593189208560941,0.42385856786897236,0.3680104838993085,0.3140754186496686,0.27575720069944115,0.2528666433020369,0.24444795136450578,0.2560356444477826,0.27987903742578285,0.30439416914985495,0.32596423387968027,0.3493770967174858,0.36113590486984615,0.30855791977971747,0.2706143950083421,0.2511090359102413,0.22540455086228803,0.20839335483726376,0.21580719724039713,0.23601704243407942,0.2562444561992609,0.27371358127757117,0.2878367101528292,0.3561364723203332,0.30622088411738485,0.26716140491451484,0.24390954948538768,0.21753658933386835,0.2071926488525226,0.21195212825617618,0.23171996454575824,0.25234023486678214,0.2719352608858491,0.2911687113552753,0.3567523031882453,0.30424166079257464,0.2696200656442699,0.24382690623814107,0.21424373570321809,0.19954019906450476,0.20541366272395697,0.22233557031982196,0.23888165203532694,0.25784955068910476,0.27678683643682034
0.0721529858328257,0.06117372095159428,0.12371723277098286,0.01649166240534595,0.09613354621905053,0.06780725841603957,0.08413160982803183,0.046636919400151265,3.1274644007404424,-0.8188598870915177,0.10613774142783766,1e-09,1e-09,1e-09,1e-09,0.225945198139224,0.15146783715696538,0.17787225685310842,1e-09,1e-09,1e-09,1e-09,1e-09,1e-09,0.27408811134866856,0.26533402512664334,0.2284688329533348,0.1500266094429869,0.15633497002579066,0.1858295688757851,0.18061048976423943,1e-09,1e-09,0.3799811926081538,0.3590545921779198,0.3057479400790077,0.2510348912731093,0.19267837665590568,0.13968291523795698,0.14856519469653523,0.1615559656759573,0.1765081289756289,0.14204314230240378,1e-09,0.3133826454839602,0.2982920003806552,0.2587276827025911,0.205582170224746,0.1581766473690604,0.11254858613880396,0.12801514128385233,0.1434840100444007,0.14324950035933023,1e-09,1e-09,0.2954338620347585,0.26955962061680927,0.2281227376559113,0.1846248127706247,0.14285974762484904,0.09722982338314891,0.10073156250764885,0.11271222131363579,0.13226731298474453,0.1366592141048273,1e-09,0.26688348072387513,0.24962693782664774,0.2144649884185368,0.1792566361885535,0.1483999824385724,0.10900424643020026,0.11456875143167668,0.12364368145110059,0.13974112985225562,0.15834189902335585,0.16999693604583604,0.24368630455432544,0.22689366041252987,0.2026023692069069,0.16870857855604213,0.13404546121066097,0.10180368587580653,0.1071885675239544,0.11707762103667867,0.1291575255171004,0.14544459836654708,0.15500808265317625,0.2260754993993796,0.21306341047293162,0.1897997157707974,0.15749106221844866,0.1272379570789027,0.09342023780003443,0.09151438368031703,0.09254217207774831,0.07466826238746685,1e-09,1e-09
0.13748148067824728,0.018219819228620013,0.11858202453629486,0.1307272250643154,0.021697352455565106,0.05511184656745432,0.016281963159563137,0.05430139744678802,0.6280041234811304,-0.8836452605331857,0.17650672695536535,1e-09,1e-09,1e-09,0.3952335517518626,0.41011197152820805,0.4231290772699765,0.41880635213518635,0.3977789285167456,0.42771900634481225,0.4510533244040378,1e-09,1e-09,0.3340840013145728,0.35866625433072075,0.3612196586401049,0.36212272429129966,0.3566157402859308,0.34922384828031416,0.3472661372276266,0.3438648599570543,0.32447503228511926,1e-09,1e-09,0.2596870680027319,0.3147330336909278,0.3083994612984085,0.3004213205348107,0.29299360505951133,0.2887719892580443,0.29577642777572277,0.2954351072920782,0.2575858451089903,0.2172622684377003,0.33314759839848157,0.32913541584798855,0.30909618448396875,0.29057273538304484,0.28638779704151196,0.2777560500454849,0.27180502846773286,0.270065013171923,0.2619716375066384,0.24905339129059842,0.21444925871992646,0.33235601176309276,0.31799664871188404,0.30544080919815786,0.2881030147549445,0.2820576564623483,0.2787420612748827,0.2738987289535809,0.26825121526117085,0.2640390261074643,0.26202100494973724,0.2554213427822392,0.28480448735792313,0.2918408716310802,0.28707966495125176,0.28212336321498055,0.28310619533239845,0.28414769686494845,0.2789133980766148,0.2689044614862842,0.25821472786100785,0.2455177758745971,0.23079522723472656,0.26423784624915897,0.27773915632522916,0.27398038915477696,0.2694711920902443,0.258655351441389,0.2530831010139751,0.25037785952796304,0.2372253606082357,0.2197213879136845,0.2084721672694955,0.19650215079487407,0.2412901319164374,0.25608852035611573,0.26020690467084134,0.25398647594216595,0.2453922114681389,0.23795025059538316,0.23817996133137653,0.23005138658110036,0.2165844275327729,0.20145718233226043,0.19661174616666163
0.1371604176945446,0.0863979948775665,0.031450398143995105,0.08538027429784487,0.0839287740579688,0.08147797911258982,0.11355751594974457,0.042253441633845576,3.5180440889251328,-0.7624221003624213,0.21782465725434275,0.9592382722470959,0.8426315035977585,0.757500607502867,0.6089690739410497,0.47906567512623477,0.37829534718615276,0.34488137876333747,0.35618911506373985,0.37200888282435357,1e-09,1e-09,0.591935583287824,0.5628459291121859,0.49426366799475496,0.41665974473963713,0.35167663933310656,0.2963713069180095,0.28965213026733033,0.2975220437121104,0.31015633590504815,0.321379338695644,1e-09,0.5103541759694066,0.4529020636765193,0.39213487193039553,0.32436258134786583,0.2752001046267954,0.23630396244223853,0.23558950884599494,0.2453637248149313,0.2591313052150789,0.27218546324081316,0.263258075974115,0.4224815501080785,0.38506092158720245,0.32665824010700806,0.26967663412882825,0.22541749510487621,0.19253674786507105,0.18677030954598456,0.1875905268847426,0.19804283608020376,0.21141177003301406,0.19768832728745378,0.370728944644182,0.329801354450906,0.285027628361676,0.238118056232262,0.19469124978903585,0.16636964069781374,0.16441047154489924,0.16753421627806103,0.18425096564743534,0.1934365238932155,0.1902571178257391,0.33163745473196793,0.2988410307147324,0.2607610004630867,0.22124685169974173,0.18175980480489068,0.15459493852976164,0.15144240342506576,0.15378329343388825,0.16992699686641974,0.18206203790074685,0.179288470866383,0.3049718861516808,0.28082952155768826,0.247423263877967,0.208158319204447,0.17084109296725733,0.14686932567273525,0.14459366864936188,0.14809595383402832,0.16306249517744048,0.17071331165057757,0.16284606138303487,0.3082367445941214,0.27756341216880076,0.2416409834790295,0.2032126023147107,0.16565379417396314,0.14134600771398612,0.13938041851864977,0.1422606724902032,0.15536719968443366,0.16209485592033473,0.15254260168835704
0.03228303932933555,0.13024940484270023,0.04731727639228784,0.0788938447038298,0.07170076788920143,0.019848640165725216,0.055511247592123794,0.05417452503385377,2.5089983373442277,-0.746750261625326,0.3228400528737872,0.28958806430306483,1e-09,0.14575379845213188,,0.22981993967136352,0.16645853896883298,0.21333500977299036,0.31078381710285174,0.3380300696863032,1e-09,1e-09,1e-09,0.34822693068167454,0.34102911789681256,0.2865698170670135,0.20879882261995622,0.16284016479913388,0.1606369723524142,0.1666190650183082,1e-09,1e-09,1e-09,0.477417780066296,0.4112527969984009,0.33689854512290507,0.2730452342690047,0.2238941047261458,0.18907490473189578,0.2137844187707789,0.2517458544774784,0.28503257501096135,0.3144889538311422,0.34550202224388166,0.34217471709682723,0.29044582151814946,0.2368408801731107,0.20600454731437123,0.1909012756022357,0.18293855060449726,0.21813406116728426,0.25783912360912464,0.29453018772536693,0.32652626234277204,0.35369130465721055,0.3449208817520551,0.30107854267754175,0.256974991409311,0.22348808013521987,0.19249428435038998,0.18747113257704398,0.21501153458832095,0.24655491610374233,0.2791369199170943,0.30562285893874347,0.33080024281746,0.31953940243885526,0.26890707714284745,0.2236708384688713,0.19420265741952875,0.1687146035911728,0.16372757002349236,0.18963103880083237,0.2186063476965747,0.2440964266390974,0.26681574897524374,0.2888250397320535,0.2916512000676159,0.24631761303798894,0.21098806816333449,0.18014598032033777,0.15359293499260665,0.14849328971103493,0.1713516105469261,0.19522448669716302,0.21862732222645007,0.23681219682826993,0.2531923357879504,0.27782330957959855,0.23278467576348794,0.19453554955381178,0.16746966423810902,0.1449229213562048,0.13947449531287998,0.15925194111965194,0.180440770335774,0.20152187911421052,0.21971474303711833,0.23604332666622468
0.13907797173021885,0.046971034366075415,0.15262288576994096,0.12154925524962883,0.07074067333234996,0.12581096911424805,0.036455250208570066,0.14114551361969563,3.1947602472324945,-0.5724241907728522,0.08890349634716123,0.29104636028842945,0.21708475484415152,,,0.21701791310450783,0.18464567014145813,0.23438718838368774,0.29220541348362905,1e-09,1e-09,1e-09,0.16177834960800228,1e-09,0.2588435348167227,0.21654406726920744,0.19012667093270047,0.1603704583435944,0.17534774057823888,0.20466604012590875,0.21865122634321205,1e-09,1e-09,1e-09,1e-09,1e-09,0.16516761193686819,0.14688117766002062,0.13155146669998177,0.1485206214544259,0.19038368876086628,0.21514030727506353,0.2464775168109166,0.27096454842935164,0.09959565385722055,0.21052780228590603,0.19977166920199682,0.16628965537773793,0.14086608503222528,0.13751498313041494,0.15751808854723767,0.1840055729079659,0.2045499340298778,0.22244929105663758,0.23111597225436115,0.2935631809636085,0.25380799314104274,0.20839110219271095,0.16881840451475616,0.14577213638276434,0.14470824834115958,0.17046182483420994,0.20591714716209084,0.2348710591588681,0.25943003895182604,0.27797076150249,0.27345297627874365,0.23346923248959212,0.19807597226671095,0.16165862429160122,0.14237498052879494,0.13567761161690745,0.15781427970291947,0.19478899974782393,0.23013784365666684,0.2572684240261272,0.2794423741175334,0.27658740712289187,0.23484512792682483,0.19793582362376066,0.16603593664175498,0.14898326045275623,0.15078720691435207,0.17406156700924535,0.21309015547024565,0.24685730300752343,0.2745900077235806,0.300176579996747,0.25301094193218104,0.21470184010074067,0.18834473784443947,0.15433828885313844,0.13541902185320281,0.13534536880966697,0.1600723610743441,0.18980602919024012,0.216464060827651,0.23922219947959808,0.26174048609981515
0.06289993408536784,0.1001974978889054,0.11656718751974528,0.04416220049173188,0.08492672656394881,0.03289396932926009,0.02119188666175018,0.02617059120171385,1.8992675941002144,-0.8335033419029151,0.05330627342824178,1e-09,,0.1456430995451236,,0.20190327593676305,0.18175115621728322,0.23155305605491278,0.23424914472863573,1e-09,1e-09,1e-09,1e-09,0.41763270210112924,0.3686960763871195,0.3048077221848786,0.2415519826527901,0.20328230567016473,0.2313500509275958,0.2574188972651339,0.3057418893613026,0.34624315369429903,0.37923454175445215,0.47290070279287505,0.38555137402809897,0.31887849653271433,0.274664535346194,0.22895251829773214,0.19433242768240805,0.1929962428381145,0.18816102472496093,0.19240764796901597,1e-09,1e-09,0.3853729837215449,0.3361612668760735,0.2989226242252994,0.2546376873343832,0.22204775124373866,0.1938546417038566,0.1815241918305121,0.17916807395529213,0.18522908807638944,0.18419924194545323,0.1940440600469256,0.28967139649708074,0.2676560407125919,0.2543901669764841,0.23063742261396453,0.21109437187610672,0.20284707550377865,0.19877499896313586,0.20288488331805957,0.2118119466525958,0.22379050941330145,0.23834005643366354,0.2730443406162676,0.2479897855165414,0.23848889696410605,0.22362282313450038,0.21354395742101748,0.20501479817318685,0.20241993490768434,0.20237609595186887,0.2029856944813979,0.20504055510877497,0.21181260155012485,0.25007920702596015,0.23413413216663914,0.21903826685517255,0.20278682223708663,0.18945121154051425,0.17907203665252902,0.17720646935929063,0.17743000108397136,0.1775357440497889,0.1785124283360457,0.18488258220965093,0.23624712559843086,0.22139607458438904,0.21139699589995573,0.19914920832583463,0.18706479214300012,0.1782132109250952,0.17702025872801133,0.17921989296133078,0.17984541048876984,0.1828200520500247,0.19278340480236084
0.06876658863135587,0.06080723396523909,0.12539009839805196,0.050588302997931156,0.06731869243359404,0.14417736909449771,0.08329520711845462,0.12864964155627684,3.518716532299909,-0.6562540116959608,0.3276752223719556,0.2853815454913534,0.544871992585026,0.5907194928353545,0.4655873755816805,0.33664670904960314,0.2877612401186782,0.3314995589300547,0.4317835888131136,0.5071306346824891,0.5258198645216337,1e-09,0.5380605136847812,0.48136595797128684,0.44310225971906153,0.38660318266291827,0.3264987960800323,0.29700310787524614,0.34091282990596994,0.4126137070375758,0.4787456548527506,0.5372244836317691,0.5882649646284765,0.5207900814370642,0.4343953649044194,0.3764267637527492,0.3297134547903485,0.2925453525724177,0.2853083364023916,0.326806130398287,0.38198423707953033,0.4342235665424267,0.4820442227669331,0.5251062288859021,0.4178206164117983,0.34679951046890556,0.2976580943722397,0.26164064793636876,0.223903268578033,0.20668347894691444,0.24061658119733156,0.28537819868090825,0.3258976047107622,0.3638669133493045,0.3951085118344997,0.37125934198645716,0.306549795707139,0.26153739348640553,0.2285841716038182,0.19746124124560563,0.18971039146943755,0.22042975651866475,0.2596916367010892,0.29685435561555856,0.32841416093668396,0.35659475307473404,0.33152210134061705,0.27497317872376603,0.23436779775647817,0.20852072745193356,0.18370185249510673,0.17972534543825835,0.2105085765549463,0.24683414556107378,0.2818035661701042,0.3115706033863824,0.33669549303252205,0.3068857650224574,0.25578677024252733,0.22296685119007895,0.19784790488360698,0.17766515587653975,0.18081647043612273,0.21506749616404341,0.25466189535300543,0.2897274834257071,0.3197306255325359,0.34735903943955104,0.29541911527802084,0.24765129669751346,0.2146089519780739,0.19252750125050405,0.17246333991016888,0.17557586135310388,0.20918750829485785,0.24675835378477404,0.2805633869560765,0.31163485279983943,0.3386347621633106
0.0600077088253248,0.017815419157584163,0.0342571506724137,0.09844641141110742,0.12833792365572336,0.09597918936980282,0.03691243330757963,0.0757517804006061,2.0944232111916934,-0.8082134566147656,0.09765795554264434,0.2818946047667427,0.20374839698913033,0.1389056256230995,0.36254724111487663,0.31046078009824624,0.23251314508063933,0.2138936464672807,1e-09,1e-09,1e-09,1e-09,0.5140534103872172,0.45026399397369415,0.3563304955110642,0.30758833109696493,0.26020385078397074,0.21816524255152406,0.21957262587424492,0.2245009067896823,0.2334167420939647,1e-09,1e-09,0.43248832498621653,0.38636634993112284,0.3306946778926751,0.2729390778650096,0.23189073257655904,0.20203591352232766,0.2034085784660204,0.220352007657285,0.23295717898940488,0.2206216294267121,0.1345176506561005,0.3996975024030774,0.3498629171717338,0.28911712766793024,0.24274472847163917,0.20462914789427014,0.1837790212876427,0.17175272824041524,0.18194364951966235,0.18395046320601424,0.17068638687790416,1e-09,0.40932618605874166,0.36245238328927853,0.3116126366765532,0.26427868843322355,0.2203927028376533,0.20033752829126714,0.19788530270574722,0.21078556461006306,0.2255409743647034,0.2405184214237306,0.2557943451483241,0.3601706979514343,0.3171789432817183,0.2786471913248246,0.23989118080367602,0.21386781512109898,0.20630725043109205,0.2115820058100789,0.22661566268563196,0.253230931609434,0.27563027745659047,0.29809006323047976,0.33962776536289774,0.3020963474513534,0.2661988444052772,0.22931120209747038,0.2021896387190493,0.18463272370003925,0.17273961743689203,0.17794203103379716,0.17803508846492572,0.1806493409681004,0.17952028017873242,0.3537084729916903,0.31870171507229,0.28041482446987503,0.24291828814304448,0.22051119164234254,0.20253709682607138,0.19501083756924825,0.20643729104501188,0.21986271452377446,0.23647862042650655,0.251521533386557
